1,2,21,130000.0,20000.0,0.0,"2021-12-01 17:44:25.387906",1
2,2,15,140000.0,20000.0,40000.0,"2022-02-11 11:44:25.387919",0
3,3,23,130000.0,20000.0,0.0,"2022-01-21 07:44:25.387932",0
4,3,8,140000.0,20000.0,0.0,"2021-10-11 05:44:25.387942",0
5,4,9,140000.0,20000.0,0.0,"2022-02-15 06:44:25.387953",0
6,4,27,130000.0,30000.0,0.0,"2021-12-20 13:44:25.387962",1
7,5,19,140000.0,20000.0,0.0,"2021-11-29 20:44:25.387974",1
8,5,21,150000.0,20000.0,0.0,"2021-11-20 20:44:25.387984",0
9,6,16,140000.0,30000.0,50000.0,"2021-11-20 14:44:25.387995",1
10,6,17,160000.0,30000.0,0.0,"2021-12-29 01:44:25.388005",1
11,6,19,130000.0,20000.0,0.0,"2021-11-17 16:44:25.388015",0
12,7,12,150000.0,20000.0,0.0,"2021-12-04 20:44:25.388026",0
13,8,6,150000.0,30000.0,0.0,"2021-12-30 19:44:25.388037",0
14,8,31,140000.0,30000.0,90000.0,"2021-09-16 10:44:25.388048",1
15,9,19,140000.0,30000.0,0.0,"2021-12-21 06:44:25.388058",0
16,9,29,130000.0,20000.0,0.0,"2021-09-19 04:44:25.388068",0
17,9,18,140000.0,30000.0,0.0,"2022-01-20 22:44:25.388078",0
18,12,9,160000.0,20000.0,0.0,"2021-09-02 08:44:25.388090",1
19,12,14,130000.0,30000.0,50000.0,"2022-02-20 01:44:25.388101",0
20,13,24,120000.0,30000.0,0.0,"2021-09-12 12:44:25.388113",0
21,15,27,150000.0,20000.0,0.0,"2021-09-29 06:44:25.388125",0
22,15,15,150000.0,20000.0,10000.0,"2021-10-14 09:44:25.388136",1
23,15,4,160000.0,30000.0,0.0,"2021-10-16 03:44:25.388146",1
24,16,25,150000.0,40000.0,0.0,"2021-10-13 12:44:25.388157",0
25,17,17,130000.0,20000.0,0.0,"2021-10-13 03:44:25.388167",0
26,17,31,130000.0,20000.0,0.0,"2021-12-23 19:44:25.388177",0
27,17,1,130000.0,30000.0,0.0,"2022-01-19 12:44:25.388187",1
28,18,23,150000.0,30000.0,0.0,"2022-02-11 18:44:25.388197",1
29,18,8,130000.0,30000.0,0.0,"2021-12-24 00:44:25.388207",0
30,18,28,160000.0,30000.0,0.0,"2021-10-09 09:44:25.388217",1
31,19,17,120000.0,20000.0,0.0,"2021-12-26 09:44:25.388230",0
32,19,14,140000.0,20000.0,0.0,"2021-09-23 02:44:25.388240",0
33,20,29,140000.0,20000.0,0.0,"2021-12-16 13:44:25.388251",0
34,20,1,140000.0,30000.0,0.0,"2022-01-07 23:44:25.388261",0
35,20,29,130000.0,30000.0,0.0,"2021-12-11 23:44:25.388270",0
36,22,23,130000.0,20000.0,0.0,"2022-01-16 10:44:25.388282",0
37,22,5,150000.0,20000.0,60000.0,"2021-12-04 14:44:25.388293",0
38,24,31,150000.0,20000.0,0.0,"2021-12-25 03:44:25.388305",0
39,24,21,140000.0,20000.0,0.0,"2021-10-20 04:44:25.388315",0
40,24,13,150000.0,30000.0,0.0,"2021-09-28 08:44:25.388324",1
41,25,5,130000.0,30000.0,0.0,"2021-12-09 08:44:25.388335",0
42,25,19,130000.0,30000.0,0.0,"2021-10-15 20:44:25.388345",1
43,26,2,130000.0,20000.0,0.0,"2022-02-01 17:44:25.388356",1
44,26,0,150000.0,40000.0,0.0,"2021-11-09 22:44:25.388366",0
45,29,31,120000.0,20000.0,0.0,"2021-11-08 23:44:25.388378",1
46,29,19,150000.0,30000.0,40000.0,"2021-09-11 22:44:25.388389",1
47,29,24,150000.0,20000.0,0.0,"2021-11-03 04:44:25.388399",0
48,30,18,130000.0,30000.0,80000.0,"2021-09-06 21:44:25.388411",1
49,30,10,150000.0,20000.0,0.0,"2021-11-25 01:44:25.388421",0
50,31,16,150000.0,30000.0,0.0,"2021-08-28 15:44:25.388431",1
51,32,7,150000.0,30000.0,0.0,"2022-01-05 19:44:25.388443",1
52,33,24,140000.0,20000.0,0.0,"2022-01-28 04:44:25.388454",1
53,33,4,130000.0,20000.0,0.0,"2022-01-07 14:44:25.388464",0
54,33,14,140000.0,20000.0,0.0,"2022-02-07 01:44:25.388473",0
55,35,0,150000.0,20000.0,0.0,"2021-10-14 01:44:25.388485",0
56,35,31,140000.0,20000.0,70000.0,"2021-10-16 05:44:25.388496",0
57,37,26,140000.0,20000.0,0.0,"2021-08-30 04:44:25.388507",1
58,37,10,150000.0,30000.0,0.0,"2021-12-01 22:44:25.388517",0
59,37,4,140000.0,20000.0,0.0,"2022-01-24 13:44:25.388529",0
60,38,10,150000.0,30000.0,0.0,"2022-01-18 07:44:25.388540",0
61,38,1,150000.0,30000.0,0.0,"2021-11-16 02:44:25.388550",1
62,41,0,130000.0,30000.0,0.0,"2021-10-19 22:44:25.388563",0
63,41,17,140000.0,20000.0,0.0,"2022-02-15 05:44:25.388573",1
64,41,18,140000.0,20000.0,0.0,"2022-01-15 11:44:25.388583",1
65,42,26,140000.0,30000.0,0.0,"2021-10-16 04:44:25.388594",0
66,42,10,140000.0,30000.0,0.0,"2021-08-28 10:44:25.388603",1
67,43,22,150000.0,20000.0,0.0,"2022-01-25 21:44:25.388614",0
68,43,19,140000.0,30000.0,0.0,"2022-01-21 10:44:25.388624",1
69,43,31,150000.0,30000.0,0.0,"2021-09-23 09:44:25.388634",1
70,44,19,140000.0,30000.0,0.0,"2021-12-06 18:44:25.388644",0
71,44,16,170000.0,20000.0,0.0,"2022-02-13 15:44:25.388654",0
72,44,17,140000.0,20000.0,0.0,"2021-12-29 02:44:25.388664",0
73,45,1,150000.0,30000.0,50000.0,"2021-12-30 11:44:25.388676",0
74,45,11,150000.0,30000.0,20000.0,"2022-01-22 22:44:25.388686",0
75,47,14,130000.0,20000.0,30000.0,"2022-02-08 11:44:25.388698",1
76,47,28,140000.0,30000.0,0.0,"2022-02-05 12:44:25.388708",1
77,47,28,130000.0,20000.0,30000.0,"2021-10-07 18:44:25.388719",1
78,49,9,130000.0,30000.0,0.0,"2022-01-29 05:44:25.388731",1
79,49,28,140000.0,20000.0,0.0,"2022-02-16 02:44:25.388740",1
80,50,21,140000.0,20000.0,0.0,"2021-12-24 20:44:25.388751",1
81,50,24,130000.0,20000.0,0.0,"2022-02-14 19:44:25.388761",0
82,50,10,130000.0,20000.0,0.0,"2021-10-19 23:44:25.388771",0
83,51,20,140000.0,30000.0,0.0,"2021-11-16 13:44:25.388782",1
84,51,15,130000.0,20000.0,0.0,"2021-10-16 22:44:25.388791",1
85,51,22,150000.0,20000.0,0.0,"2021-10-21 04:44:25.388801",0
86,52,22,140000.0,30000.0,0.0,"2021-11-24 04:44:25.388812",1
87,53,8,140000.0,20000.0,0.0,"2021-12-09 14:44:25.388824",1
88,53,4,140000.0,30000.0,0.0,"2021-09-05 16:44:25.388834",1
89,55,24,120000.0,20000.0,0.0,"2022-02-04 17:44:25.388845",0
90,55,16,130000.0,30000.0,0.0,"2021-08-31 10:44:25.388855",1
91,56,3,130000.0,30000.0,0.0,"2021-09-26 18:44:25.388867",1
92,56,0,140000.0,30000.0,40000.0,"2022-01-06 22:44:25.388877",0
93,57,29,150000.0,20000.0,70000.0,"2021-10-22 05:44:25.388889",1
94,57,25,140000.0,30000.0,0.0,"2021-09-21 00:44:25.388899",0
95,57,25,140000.0,30000.0,0.0,"2021-10-05 13:44:25.388909",0
96,58,18,130000.0,30000.0,0.0,"2021-10-28 06:44:25.388920",0
97,60,24,140000.0,30000.0,0.0,"2022-02-02 10:44:25.388931",0
98,60,31,150000.0,20000.0,0.0,"2022-01-06 11:44:25.388941",0
99,61,12,150000.0,20000.0,0.0,"2022-02-02 09:44:25.388952",1
100,61,30,150000.0,20000.0,0.0,"2022-02-03 22:44:25.388962",1
101,61,6,120000.0,30000.0,0.0,"2022-02-20 06:44:25.388972",1
102,63,11,130000.0,30000.0,0.0,"2021-12-13 23:44:25.388983",1
103,63,26,150000.0,30000.0,0.0,"2021-08-26 23:44:25.388993",1
104,63,19,150000.0,20000.0,0.0,"2021-09-06 20:44:25.389003",1
105,64,4,150000.0,20000.0,0.0,"2021-11-15 00:44:25.389014",0
106,64,0,140000.0,20000.0,0.0,"2021-09-28 21:44:25.389024",0
107,65,22,120000.0,20000.0,0.0,"2021-12-06 22:44:25.389035",0
108,66,7,140000.0,30000.0,0.0,"2022-02-17 13:44:25.389045",1
109,67,30,160000.0,20000.0,0.0,"2021-12-21 13:44:25.389056",1
110,67,14,160000.0,20000.0,0.0,"2021-11-23 08:44:25.389066",1
111,68,6,120000.0,20000.0,0.0,"2021-10-10 19:44:25.389076",1
112,68,26,150000.0,30000.0,0.0,"2021-09-04 21:44:25.389086",0
113,69,20,140000.0,10000.0,0.0,"2021-12-24 07:44:25.389097",0
114,69,1,140000.0,20000.0,0.0,"2022-01-07 20:44:25.389106",1
115,70,5,140000.0,20000.0,0.0,"2021-11-20 00:44:25.389118",1
116,70,15,140000.0,30000.0,70000.0,"2021-11-14 13:44:25.389129",1
117,70,28,140000.0,10000.0,0.0,"2021-10-10 09:44:25.389138",1
118,71,5,130000.0,30000.0,0.0,"2021-09-23 18:44:25.389149",1
119,71,16,150000.0,30000.0,0.0,"2021-12-26 15:44:25.389159",0
120,71,24,130000.0,30000.0,0.0,"2021-11-10 23:44:25.389169",1
121,72,27,130000.0,30000.0,0.0,"2021-09-22 21:44:25.389179",1
122,72,20,140000.0,20000.0,0.0,"2022-01-14 21:44:25.389189",1
123,73,15,160000.0,30000.0,0.0,"2021-12-20 18:44:25.389200",0
124,75,27,140000.0,30000.0,0.0,"2022-01-27 20:44:25.389212",0
125,75,13,140000.0,20000.0,0.0,"2021-10-13 05:44:25.389222",0
126,76,25,140000.0,30000.0,0.0,"2021-11-13 13:44:25.389233",1
127,76,2,150000.0,30000.0,0.0,"2021-10-03 16:44:25.389243",1
128,76,6,140000.0,20000.0,0.0,"2022-01-17 23:44:25.389253",1
129,77,21,160000.0,30000.0,0.0,"2021-10-12 05:44:25.389263",0
130,77,26,130000.0,20000.0,0.0,"2021-12-11 22:44:25.389273",1
131,77,12,140000.0,20000.0,0.0,"2021-12-29 22:44:25.389284",1
132,78,21,130000.0,30000.0,0.0,"2021-11-16 02:44:25.389295",0
133,79,25,150000.0,30000.0,0.0,"2021-11-05 17:44:25.389306",0
134,80,25,140000.0,20000.0,0.0,"2022-01-16 19:44:25.389316",1
135,80,25,150000.0,30000.0,0.0,"2021-10-08 09:44:25.389326",0
136,81,9,140000.0,20000.0,0.0,"2021-11-16 22:44:25.389337",1
137,81,1,140000.0,20000.0,0.0,"2021-12-02 09:44:25.389347",0
138,82,5,140000.0,30000.0,60000.0,"2022-02-03 18:44:25.389358",1
139,82,21,140000.0,20000.0,0.0,"2021-12-21 10:44:25.389368",1
140,84,4,130000.0,20000.0,0.0,"2022-01-02 07:44:25.389380",1
141,84,30,140000.0,10000.0,70000.0,"2021-10-18 22:44:25.389390",0
142,84,18,150000.0,20000.0,0.0,"2022-01-23 04:44:25.389400",0
143,85,19,130000.0,30000.0,0.0,"2021-10-18 23:44:25.389413",1
144,86,30,160000.0,30000.0,0.0,"2021-10-10 11:44:25.389424",0
145,88,26,140000.0,30000.0,0.0,"2022-02-16 06:44:25.389435",0
146,88,12,140000.0,20000.0,0.0,"2021-08-31 20:44:25.389446",1
147,89,12,120000.0,30000.0,0.0,"2022-02-15 17:44:25.389456",1
148,91,9,130000.0,20000.0,0.0,"2021-09-04 00:44:25.389468",1
149,91,24,140000.0,20000.0,0.0,"2022-01-28 03:44:25.389478",1
150,91,28,160000.0,20000.0,60000.0,"2022-01-20 22:44:25.389488",1
151,92,29,120000.0,30000.0,0.0,"2022-02-07 19:44:25.389500",0
152,93,1,160000.0,30000.0,0.0,"2022-01-11 20:44:25.389510",0
153,93,1,140000.0,20000.0,40000.0,"2021-11-08 11:44:25.389521",1
154,93,15,150000.0,30000.0,30000.0,"2021-09-12 09:44:25.389532",1
155,94,14,150000.0,20000.0,0.0,"2021-11-21 22:44:25.389542",1
156,95,27,140000.0,30000.0,60000.0,"2021-11-24 08:44:25.389553",0
157,95,20,160000.0,30000.0,0.0,"2022-02-14 15:44:25.389563",1
158,96,10,150000.0,20000.0,0.0,"2021-09-17 09:44:25.389574",0
159,96,27,130000.0,20000.0,0.0,"2021-09-27 12:44:25.389584",0
160,97,13,130000.0,20000.0,60000.0,"2021-09-03 00:44:25.389595",0
161,99,17,150000.0,20000.0,0.0,"2021-08-25 18:44:25.389607",1
162,99,6,150000.0,30000.0,40000.0,"2021-11-05 18:44:25.389617",1
163,102,11,150000.0,20000.0,0.0,"2021-11-07 19:44:25.389630",0
164,102,13,150000.0,30000.0,0.0,"2021-10-05 02:44:25.389639",1
165,103,23,150000.0,20000.0,0.0,"2022-02-04 14:44:25.389651",1
166,103,1,140000.0,20000.0,0.0,"2022-01-13 01:44:25.389660",0
167,103,0,130000.0,30000.0,0.0,"2021-12-09 19:44:25.389671",1
168,104,2,140000.0,20000.0,0.0,"2021-09-25 07:44:25.389682",1
169,104,6,140000.0,30000.0,0.0,"2021-10-28 23:44:25.389692",1
170,104,12,140000.0,20000.0,30000.0,"2022-01-20 23:44:25.389703",1
171,105,21,150000.0,20000.0,0.0,"2021-11-10 12:44:25.389714",1
172,105,27,150000.0,30000.0,0.0,"2021-12-31 15:44:25.389725",0
173,105,14,130000.0,30000.0,0.0,"2022-01-11 04:44:25.389735",0
174,106,17,140000.0,30000.0,0.0,"2022-01-23 16:44:25.389746",0
175,106,21,140000.0,20000.0,50000.0,"2022-01-19 00:44:25.389757",1
176,108,21,140000.0,30000.0,0.0,"2021-11-26 22:44:25.389768",0
177,109,27,130000.0,30000.0,0.0,"2021-09-03 08:44:25.389779",0
178,109,22,140000.0,20000.0,0.0,"2021-08-30 08:44:25.389789",0
179,110,22,150000.0,20000.0,50000.0,"2021-12-09 19:44:25.389800",1
180,111,20,160000.0,20000.0,0.0,"2021-09-11 05:44:25.389811",0
181,111,30,150000.0,30000.0,0.0,"2022-01-28 09:44:25.389821",0
182,113,19,140000.0,20000.0,0.0,"2022-01-24 10:44:25.389832",0
183,113,11,150000.0,20000.0,80000.0,"2021-09-15 11:44:25.389842",0
184,113,14,140000.0,20000.0,0.0,"2021-09-26 10:44:25.389852",1
185,114,30,140000.0,30000.0,0.0,"2021-10-26 01:44:25.389863",1
186,114,28,140000.0,20000.0,10000.0,"2021-12-03 23:44:25.389874",0
187,115,5,160000.0,20000.0,0.0,"2021-11-10 02:44:25.389885",0
188,115,21,150000.0,20000.0,0.0,"2021-12-02 04:44:25.389895",1
189,115,28,160000.0,30000.0,0.0,"2021-11-06 23:44:25.389905",0
190,117,30,140000.0,30000.0,0.0,"2021-12-18 03:44:25.389916",0
191,117,1,130000.0,30000.0,0.0,"2021-11-18 01:44:25.389926",0
192,118,6,150000.0,20000.0,0.0,"2021-09-20 09:44:25.389937",0
193,118,25,120000.0,20000.0,60000.0,"2022-02-07 01:44:25.389947",0
194,119,14,130000.0,30000.0,0.0,"2021-12-25 00:44:25.389957",0
195,119,27,140000.0,30000.0,0.0,"2021-08-24 15:44:25.389967",1
196,119,7,150000.0,30000.0,0.0,"2021-11-19 18:44:25.389977",0
197,120,23,130000.0,30000.0,0.0,"2021-10-27 04:44:25.389987",0
198,121,17,140000.0,20000.0,0.0,"2021-09-24 14:44:25.389998",1
199,121,10,160000.0,30000.0,60000.0,"2021-09-14 02:44:25.390009",0
200,121,25,150000.0,30000.0,0.0,"2021-12-21 15:44:25.390019",1
201,122,27,150000.0,20000.0,0.0,"2021-09-01 16:44:25.390030",1
202,122,8,140000.0,20000.0,80000.0,"2021-12-31 01:44:25.390041",0
203,123,4,140000.0,20000.0,0.0,"2021-10-10 15:44:25.390051",0
204,124,0,130000.0,30000.0,0.0,"2022-01-24 23:44:25.390062",0
205,125,19,120000.0,20000.0,0.0,"2021-11-25 00:44:25.390073",1
206,125,0,150000.0,30000.0,0.0,"2022-02-17 04:44:25.390085",1
207,125,5,130000.0,30000.0,10000.0,"2021-10-05 08:44:25.390096",1
208,126,18,130000.0,20000.0,0.0,"2021-08-31 22:44:25.390107",0
209,127,9,150000.0,30000.0,0.0,"2021-10-22 02:44:25.390118",1
210,127,9,140000.0,20000.0,0.0,"2021-09-24 11:44:25.390128",0
211,130,30,130000.0,30000.0,0.0,"2021-12-26 14:44:25.390140",1
212,130,13,150000.0,20000.0,0.0,"2021-10-24 18:44:25.390150",1
213,130,9,130000.0,30000.0,50000.0,"2022-02-03 14:44:25.390160",0
214,131,14,140000.0,20000.0,0.0,"2021-12-31 04:44:25.390171",1
215,132,24,130000.0,30000.0,0.0,"2021-09-19 22:44:25.390182",0
216,132,16,140000.0,20000.0,0.0,"2021-10-07 01:44:25.390191",1
217,132,1,140000.0,20000.0,0.0,"2021-11-03 13:44:25.390201",1
218,133,3,150000.0,20000.0,0.0,"2022-01-08 02:44:25.390212",0
219,133,25,140000.0,20000.0,0.0,"2021-09-27 11:44:25.390221",0
220,133,21,150000.0,20000.0,0.0,"2021-12-26 12:44:25.390231",1
221,134,9,170000.0,30000.0,20000.0,"2021-12-28 10:44:25.390243",1
222,136,31,140000.0,30000.0,0.0,"2021-08-29 17:44:25.390255",0
223,136,14,140000.0,20000.0,0.0,"2021-10-20 12:44:25.390265",0
224,136,2,140000.0,30000.0,0.0,"2021-09-24 12:44:25.390275",0
225,137,30,130000.0,20000.0,0.0,"2022-02-09 22:44:25.390286",0
226,137,26,160000.0,30000.0,0.0,"2022-01-19 12:44:25.390296",0
227,138,7,130000.0,30000.0,0.0,"2022-02-05 17:44:25.390306",0
228,138,1,140000.0,20000.0,0.0,"2021-09-12 05:44:25.390316",1
229,138,7,130000.0,20000.0,0.0,"2021-12-09 23:44:25.390326",0
230,139,5,130000.0,20000.0,0.0,"2022-02-03 09:44:25.390337",0
231,139,14,150000.0,20000.0,0.0,"2021-11-14 07:44:25.390347",1
232,139,11,130000.0,40000.0,50000.0,"2021-09-12 21:44:25.390357",1
233,141,12,140000.0,30000.0,0.0,"2022-01-13 22:44:25.390369",0
234,141,15,130000.0,30000.0,50000.0,"2021-11-12 10:44:25.390380",1
235,141,1,150000.0,30000.0,0.0,"2021-10-15 11:44:25.390390",1
236,142,14,150000.0,30000.0,0.0,"2021-09-01 08:44:25.390401",0
237,142,23,140000.0,30000.0,0.0,"2022-01-09 11:44:25.390411",0
238,144,30,140000.0,20000.0,0.0,"2021-12-25 09:44:25.390423",0
239,146,8,140000.0,30000.0,0.0,"2021-12-22 06:44:25.390434",1
240,146,5,140000.0,20000.0,0.0,"2022-02-14 22:44:25.390444",0
241,146,4,150000.0,30000.0,60000.0,"2021-09-04 20:44:25.390454",0
242,147,22,150000.0,20000.0,0.0,"2021-12-14 16:44:25.390465",1
243,148,5,150000.0,20000.0,0.0,"2021-12-16 16:44:25.390476",0
244,149,10,130000.0,20000.0,60000.0,"2021-10-08 11:44:25.390488",1
245,151,13,140000.0,30000.0,0.0,"2021-11-29 10:44:25.390499",0
246,151,23,130000.0,30000.0,30000.0,"2022-02-07 23:44:25.390510",0
247,153,26,150000.0,20000.0,0.0,"2021-10-20 16:44:25.390522",1
248,154,22,140000.0,30000.0,0.0,"2022-02-03 23:44:25.390532",0
249,155,3,150000.0,20000.0,0.0,"2022-01-30 06:44:25.390543",0
250,155,12,130000.0,20000.0,0.0,"2021-11-30 10:44:25.390553",0
251,158,10,140000.0,30000.0,0.0,"2021-08-30 09:44:25.390566",1
252,159,18,140000.0,30000.0,0.0,"2021-09-10 20:44:25.390577",0
253,159,30,130000.0,30000.0,0.0,"2022-02-17 22:44:25.390586",1
254,159,8,130000.0,30000.0,0.0,"2022-02-12 06:44:25.390596",0
255,160,12,140000.0,30000.0,0.0,"2021-09-17 22:44:25.390607",1
256,161,3,140000.0,20000.0,0.0,"2021-09-11 01:44:25.390618",1
257,161,22,140000.0,30000.0,0.0,"2022-01-09 21:44:25.390628",1
258,161,25,150000.0,30000.0,40000.0,"2021-08-28 10:44:25.390639",0
259,162,21,140000.0,20000.0,0.0,"2021-10-14 11:44:25.390649",1
260,163,20,150000.0,20000.0,0.0,"2021-10-15 12:44:25.390660",0
261,163,2,130000.0,30000.0,0.0,"2021-11-14 08:44:25.390670",0
262,165,18,160000.0,20000.0,0.0,"2022-01-15 22:44:25.390681",0
263,165,1,150000.0,30000.0,30000.0,"2022-02-05 03:44:25.390692",0
264,166,15,160000.0,20000.0,0.0,"2021-11-25 10:44:25.390703",1
265,166,24,140000.0,20000.0,0.0,"2021-11-27 00:44:25.390712",0
266,166,22,110000.0,30000.0,0.0,"2021-10-17 04:44:25.390722",1
267,167,20,120000.0,30000.0,0.0,"2021-11-01 08:44:25.390735",0
268,169,26,140000.0,20000.0,40000.0,"2021-11-26 15:44:25.390747",0
269,171,11,130000.0,30000.0,60000.0,"2021-10-28 06:44:25.390759",1
270,172,23,150000.0,20000.0,0.0,"2021-12-22 12:44:25.390771",0
271,172,30,130000.0,30000.0,40000.0,"2021-09-11 05:44:25.390782",1
272,173,5,140000.0,30000.0,0.0,"2021-12-24 09:44:25.390793",1
273,173,4,140000.0,20000.0,0.0,"2021-10-21 20:44:25.390803",0
274,173,19,140000.0,30000.0,50000.0,"2021-09-03 10:44:25.390813",1
275,174,14,150000.0,20000.0,0.0,"2022-02-08 10:44:25.390824",1
276,175,18,140000.0,20000.0,0.0,"2022-01-01 21:44:25.390835",0
277,176,24,140000.0,30000.0,0.0,"2021-09-29 22:44:25.390846",1
278,176,26,140000.0,20000.0,50000.0,"2021-08-31 11:44:25.390857",0
279,176,0,150000.0,30000.0,0.0,"2021-08-24 10:44:25.390867",1
280,177,28,130000.0,20000.0,0.0,"2021-12-13 11:44:25.390877",0
281,178,27,150000.0,20000.0,0.0,"2021-11-09 15:44:25.390888",1
282,179,14,130000.0,30000.0,0.0,"2021-10-28 03:44:25.390899",0
283,179,4,140000.0,30000.0,0.0,"2022-02-02 23:44:25.390909",0
284,181,23,150000.0,30000.0,0.0,"2021-09-23 23:44:25.390920",0
285,181,8,140000.0,30000.0,0.0,"2021-12-01 00:44:25.390930",0
286,182,23,120000.0,30000.0,0.0,"2021-10-23 16:44:25.390941",1
287,182,5,140000.0,20000.0,0.0,"2022-02-16 20:44:25.390951",1
288,182,14,140000.0,30000.0,0.0,"2021-11-04 18:44:25.390961",0
289,183,23,150000.0,20000.0,60000.0,"2021-12-27 22:44:25.390972",0
290,183,10,150000.0,30000.0,0.0,"2021-12-29 12:44:25.390982",1
291,183,12,150000.0,20000.0,0.0,"2021-12-17 06:44:25.390992",0
292,186,18,140000.0,20000.0,0.0,"2021-08-26 22:44:25.391004",1
293,188,6,160000.0,30000.0,0.0,"2022-01-17 22:44:25.391015",0
294,189,6,130000.0,20000.0,0.0,"2021-12-12 07:44:25.391026",0
295,189,25,160000.0,20000.0,0.0,"2022-01-08 11:44:25.391037",0
296,191,15,150000.0,30000.0,40000.0,"2021-08-23 22:44:25.391049",1
297,191,16,140000.0,20000.0,0.0,"2021-12-21 11:44:25.391059",1
298,191,23,140000.0,30000.0,50000.0,"2021-12-15 05:44:25.391069",0
299,193,29,180000.0,20000.0,0.0,"2022-01-19 21:44:25.391081",0
300,193,22,160000.0,40000.0,0.0,"2021-12-29 11:44:25.391090",1
301,193,24,130000.0,20000.0,0.0,"2022-01-15 06:44:25.391100",1
302,195,20,140000.0,20000.0,0.0,"2021-11-28 14:44:25.391112",1
303,195,19,150000.0,30000.0,0.0,"2022-01-19 13:44:25.391123",1
304,195,9,150000.0,30000.0,0.0,"2021-12-03 04:44:25.391133",1
305,197,15,140000.0,30000.0,0.0,"2022-01-23 08:44:25.391144",0
306,198,19,130000.0,30000.0,0.0,"2021-11-26 22:44:25.391155",1
307,198,22,140000.0,20000.0,0.0,"2021-10-06 16:44:25.391165",1
308,199,1,130000.0,20000.0,0.0,"2021-12-15 20:44:25.391176",0
309,199,28,150000.0,30000.0,0.0,"2021-09-15 19:44:25.391185",0
310,199,20,140000.0,30000.0,0.0,"2021-11-07 22:44:25.391195",1
311,200,22,140000.0,10000.0,0.0,"2022-02-08 03:44:25.391206",0
312,201,25,140000.0,20000.0,0.0,"2021-11-07 14:44:25.391216",1
313,201,31,170000.0,30000.0,0.0,"2021-12-30 18:44:25.391226",0
314,201,18,140000.0,30000.0,0.0,"2022-01-20 18:44:25.391236",0
315,202,16,140000.0,20000.0,20000.0,"2021-12-05 22:44:25.391247",1
316,203,24,140000.0,20000.0,0.0,"2021-10-07 21:44:25.391258",0
317,203,25,140000.0,20000.0,20000.0,"2022-01-23 15:44:25.391268",1
318,204,0,150000.0,20000.0,0.0,"2021-08-31 11:44:25.391279",1
319,206,9,140000.0,30000.0,70000.0,"2021-12-25 08:44:25.391292",0
320,206,20,120000.0,20000.0,0.0,"2021-12-19 09:44:25.391301",1
321,207,10,120000.0,30000.0,0.0,"2022-01-04 10:44:25.391312",1
322,208,25,140000.0,30000.0,0.0,"2021-09-14 22:44:25.391323",0
323,210,10,140000.0,30000.0,0.0,"2021-12-06 14:44:25.391334",1
324,210,30,140000.0,20000.0,0.0,"2021-09-25 15:44:25.391344",1
325,211,23,150000.0,20000.0,0.0,"2021-11-16 01:44:25.391355",0
326,211,25,150000.0,20000.0,0.0,"2021-12-22 20:44:25.391365",0
327,211,17,120000.0,20000.0,0.0,"2021-11-12 15:44:25.391375",1
328,213,13,150000.0,20000.0,50000.0,"2021-12-30 18:44:25.391387",0
329,213,17,140000.0,20000.0,0.0,"2021-09-06 03:44:25.391397",1
330,213,4,140000.0,30000.0,60000.0,"2021-12-09 05:44:25.391408",0
331,214,22,130000.0,10000.0,0.0,"2021-12-13 09:44:25.391419",1
332,215,31,150000.0,30000.0,0.0,"2022-01-22 03:44:25.391429",0
333,215,24,150000.0,30000.0,0.0,"2021-10-23 22:44:25.391439",1
334,215,18,150000.0,20000.0,0.0,"2021-09-15 14:44:25.391450",0
335,216,29,150000.0,40000.0,30000.0,"2022-01-21 18:44:25.391461",0
336,216,14,150000.0,30000.0,0.0,"2021-12-18 15:44:25.391471",1
337,217,3,120000.0,20000.0,0.0,"2021-10-11 06:44:25.391482",1
338,217,11,130000.0,30000.0,0.0,"2021-09-18 04:44:25.391492",1
339,218,10,130000.0,30000.0,0.0,"2021-08-31 19:44:25.391502",0
340,220,7,120000.0,20000.0,0.0,"2021-12-02 22:44:25.391514",1
341,221,6,140000.0,20000.0,0.0,"2021-09-11 21:44:25.391525",0
342,221,12,130000.0,30000.0,0.0,"2021-08-26 13:44:25.391535",0
343,221,1,150000.0,20000.0,0.0,"2021-09-10 10:44:25.391545",1
344,222,14,130000.0,20000.0,0.0,"2021-12-07 04:44:25.391555",1
345,224,24,130000.0,20000.0,0.0,"2022-02-10 07:44:25.391567",0
346,225,28,130000.0,20000.0,0.0,"2021-11-28 18:44:25.391578",1
347,226,21,140000.0,30000.0,0.0,"2021-10-07 14:44:25.391589",1
348,226,7,130000.0,30000.0,0.0,"2021-10-31 02:44:25.391598",1
349,226,12,120000.0,20000.0,0.0,"2021-12-29 10:44:25.391608",1
350,227,3,140000.0,20000.0,0.0,"2022-02-11 02:44:25.391619",1
351,227,29,140000.0,20000.0,0.0,"2021-12-10 08:44:25.391628",1
352,227,26,150000.0,30000.0,0.0,"2021-12-05 03:44:25.391638",1
353,228,13,140000.0,30000.0,0.0,"2021-11-15 21:44:25.391649",0
354,228,8,160000.0,20000.0,0.0,"2021-09-01 13:44:25.391659",1
355,229,15,120000.0,20000.0,0.0,"2022-01-04 16:44:25.391670",0
356,230,12,150000.0,30000.0,0.0,"2021-12-02 04:44:25.391681",1
357,230,19,140000.0,10000.0,0.0,"2021-09-12 15:44:25.391691",0
358,231,19,130000.0,30000.0,0.0,"2021-10-14 08:44:25.391702",1
359,231,19,160000.0,10000.0,40000.0,"2021-09-24 10:44:25.391713",1
360,231,18,130000.0,30000.0,0.0,"2021-11-13 16:44:25.391723",1
361,232,20,150000.0,20000.0,0.0,"2021-09-29 18:44:25.391733",1
362,232,26,140000.0,20000.0,0.0,"2021-10-24 11:44:25.391743",0
363,233,25,140000.0,20000.0,0.0,"2021-11-03 16:44:25.391753",1
364,233,12,160000.0,30000.0,30000.0,"2021-12-10 14:44:25.391766",1
365,234,13,130000.0,30000.0,0.0,"2022-01-24 11:44:25.391777",1
366,234,25,140000.0,40000.0,0.0,"2021-09-28 17:44:25.391787",0
367,234,2,140000.0,30000.0,0.0,"2021-09-16 14:44:25.391797",1
368,237,11,140000.0,30000.0,0.0,"2021-10-28 11:44:25.391811",0
369,239,10,140000.0,20000.0,0.0,"2022-02-15 17:44:25.391823",1
370,239,1,130000.0,20000.0,0.0,"2021-10-04 15:44:25.391833",1
371,239,16,140000.0,30000.0,0.0,"2022-01-30 22:44:25.391843",1
372,240,7,140000.0,30000.0,0.0,"2022-01-11 07:44:25.391854",0
373,240,4,140000.0,20000.0,0.0,"2022-02-11 13:44:25.391864",1
374,240,13,160000.0,30000.0,0.0,"2021-12-11 09:44:25.391874",1
375,241,4,150000.0,30000.0,0.0,"2021-10-14 12:44:25.391884",1
376,241,26,120000.0,30000.0,0.0,"2021-10-04 20:44:25.391894",1
377,242,2,130000.0,20000.0,0.0,"2021-10-27 20:44:25.391905",1
378,242,14,130000.0,30000.0,40000.0,"2021-11-28 08:44:25.391916",0
379,242,2,130000.0,30000.0,0.0,"2021-12-25 18:44:25.391926",1
380,244,14,140000.0,20000.0,0.0,"2021-12-30 12:44:25.391937",1
381,244,29,140000.0,10000.0,0.0,"2021-11-09 22:44:25.391947",1
382,244,6,160000.0,30000.0,0.0,"2022-02-04 08:44:25.391957",1
383,245,27,160000.0,20000.0,0.0,"2022-01-23 16:44:25.391967",1
384,245,6,140000.0,20000.0,50000.0,"2021-11-17 21:44:25.391978",0
385,246,7,150000.0,30000.0,0.0,"2022-01-27 13:44:25.391989",1
386,246,11,140000.0,30000.0,0.0,"2021-12-30 20:44:25.391999",0
387,247,19,130000.0,20000.0,0.0,"2021-10-18 03:44:25.392009",1
388,247,18,130000.0,30000.0,0.0,"2021-12-28 03:44:25.392019",1
389,247,9,140000.0,30000.0,0.0,"2021-12-05 10:44:25.392029",0
390,248,15,160000.0,20000.0,0.0,"2021-12-22 09:44:25.392039",1
391,250,27,130000.0,30000.0,0.0,"2022-02-17 19:44:25.392051",1
392,250,27,160000.0,30000.0,60000.0,"2021-09-09 21:44:25.392062",0
393,252,24,140000.0,30000.0,0.0,"2021-10-07 18:44:25.392073",1
394,252,14,130000.0,20000.0,0.0,"2021-12-18 15:44:25.392083",0
395,252,20,150000.0,30000.0,0.0,"2022-01-21 20:44:25.392094",0
396,253,7,130000.0,30000.0,60000.0,"2021-10-19 10:44:25.392106",1
397,253,18,160000.0,30000.0,0.0,"2022-01-30 05:44:25.392116",1
398,254,9,120000.0,20000.0,0.0,"2021-09-04 22:44:25.392127",1
399,254,26,140000.0,20000.0,0.0,"2021-12-09 14:44:25.392137",0
400,255,29,130000.0,20000.0,50000.0,"2021-10-07 07:44:25.392148",1
401,255,31,150000.0,20000.0,0.0,"2021-11-12 23:44:25.392159",1
402,255,17,160000.0,30000.0,0.0,"2022-02-09 16:44:25.392168",1
403,256,1,160000.0,30000.0,60000.0,"2022-02-18 18:44:25.392180",0
404,257,14,120000.0,30000.0,0.0,"2022-01-03 05:44:25.392191",0
405,257,22,140000.0,20000.0,0.0,"2021-11-20 13:44:25.392201",1
406,261,21,140000.0,20000.0,0.0,"2021-12-09 00:44:25.392214",1
407,261,7,120000.0,20000.0,30000.0,"2021-10-21 03:44:25.392225",1
408,262,11,130000.0,30000.0,0.0,"2021-12-31 22:44:25.392236",1
409,262,13,130000.0,10000.0,0.0,"2021-10-12 21:44:25.392246",1
410,262,27,130000.0,30000.0,0.0,"2021-12-04 22:44:25.392255",0
411,263,20,130000.0,30000.0,0.0,"2021-11-02 22:44:25.392266",1
412,263,15,140000.0,30000.0,0.0,"2021-10-30 11:44:25.392275",1
413,264,7,140000.0,20000.0,0.0,"2021-09-01 17:44:25.392286",0
414,265,16,150000.0,20000.0,0.0,"2021-09-29 09:44:25.392297",1
415,265,19,140000.0,30000.0,0.0,"2021-10-01 23:44:25.392307",0
416,267,9,150000.0,20000.0,50000.0,"2021-10-26 09:44:25.392320",0
417,267,28,140000.0,20000.0,0.0,"2021-10-11 01:44:25.392330",1
418,270,3,130000.0,30000.0,0.0,"2022-01-06 05:44:25.392342",1
419,270,20,140000.0,30000.0,0.0,"2022-01-26 23:44:25.392352",1
420,270,29,140000.0,30000.0,20000.0,"2022-02-15 00:44:25.392362",0
421,272,7,140000.0,30000.0,0.0,"2022-02-11 02:44:25.392374",1
422,272,25,140000.0,20000.0,70000.0,"2022-01-29 23:44:25.392385",1
423,272,0,130000.0,20000.0,0.0,"2022-02-12 22:44:25.392395",1
424,273,0,140000.0,10000.0,0.0,"2022-01-20 22:44:25.392406",0
425,273,23,130000.0,20000.0,0.0,"2022-02-18 12:44:25.392415",1
426,273,12,140000.0,30000.0,50000.0,"2021-09-04 11:44:25.392427",1
427,276,2,130000.0,30000.0,0.0,"2021-09-05 05:44:25.392439",0
428,276,8,140000.0,30000.0,0.0,"2021-12-20 12:44:25.392449",1
429,276,1,170000.0,20000.0,70000.0,"2022-01-11 13:44:25.392460",1
430,277,16,150000.0,20000.0,0.0,"2021-12-29 17:44:25.392471",0
431,277,19,130000.0,30000.0,0.0,"2021-12-31 21:44:25.392481",1
432,277,28,130000.0,20000.0,50000.0,"2021-11-27 11:44:25.392491",0
433,280,28,160000.0,30000.0,0.0,"2021-11-28 02:44:25.392503",1
434,280,18,140000.0,20000.0,0.0,"2021-10-12 08:44:25.392513",0
435,283,3,110000.0,20000.0,70000.0,"2022-02-13 19:44:25.392527",1
436,283,29,140000.0,30000.0,0.0,"2021-09-02 22:44:25.392537",0
437,283,2,120000.0,30000.0,0.0,"2021-09-29 06:44:25.392547",0
438,284,9,150000.0,30000.0,0.0,"2022-02-08 18:44:25.392557",1
439,286,13,140000.0,30000.0,50000.0,"2021-11-16 22:44:25.392569",1
440,287,10,130000.0,30000.0,10000.0,"2022-01-05 09:44:25.392581",1
441,287,31,120000.0,20000.0,0.0,"2021-11-18 08:44:25.392591",0
442,288,28,140000.0,30000.0,0.0,"2021-12-04 07:44:25.392602",1
443,288,10,150000.0,20000.0,0.0,"2021-09-09 06:44:25.392611",0
444,288,19,140000.0,20000.0,0.0,"2021-11-09 06:44:25.392621",0
445,289,20,140000.0,30000.0,0.0,"2021-09-14 13:44:25.392632",0
446,289,0,150000.0,30000.0,0.0,"2021-11-28 06:44:25.392642",0
447,290,31,120000.0,20000.0,60000.0,"2021-10-05 00:44:25.392653",1
448,290,9,140000.0,30000.0,0.0,"2021-10-24 05:44:25.392663",0
449,292,12,130000.0,30000.0,0.0,"2022-02-09 22:44:25.392675",1
450,295,15,140000.0,20000.0,70000.0,"2021-09-03 01:44:25.392689",0
451,295,8,140000.0,20000.0,0.0,"2021-12-02 18:44:25.392699",0
452,295,15,150000.0,30000.0,0.0,"2021-09-12 10:44:25.392709",1
453,296,23,130000.0,20000.0,0.0,"2021-09-22 22:44:25.392719",0
454,299,22,140000.0,30000.0,50000.0,"2021-08-29 08:44:25.392732",1
455,300,4,130000.0,20000.0,0.0,"2022-02-04 21:44:25.392743",0
456,300,30,140000.0,30000.0,0.0,"2021-10-11 02:44:25.392753",0
457,301,4,130000.0,20000.0,0.0,"2022-02-11 03:44:25.392764",1
458,301,22,150000.0,20000.0,0.0,"2021-09-24 06:44:25.392774",0
459,303,15,150000.0,20000.0,30000.0,"2022-01-01 06:44:25.392787",1
460,303,4,140000.0,20000.0,60000.0,"2021-10-03 10:44:25.392797",0
461,303,24,150000.0,30000.0,0.0,"2022-01-26 02:44:25.392807",1
462,305,5,130000.0,20000.0,0.0,"2021-12-21 03:44:25.392819",0
463,305,10,120000.0,20000.0,0.0,"2021-12-04 08:44:25.392829",1
464,305,27,150000.0,20000.0,100000.0,"2021-10-17 22:44:25.392840",0
465,306,25,140000.0,20000.0,0.0,"2021-11-30 16:44:25.392853",0
466,306,21,130000.0,20000.0,70000.0,"2022-01-14 21:44:25.392864",0
467,307,13,140000.0,20000.0,0.0,"2021-09-11 00:44:25.392874",0
468,307,2,150000.0,30000.0,0.0,"2021-10-19 04:44:25.392884",0
469,308,0,130000.0,30000.0,0.0,"2021-09-01 17:44:25.392894",1
470,308,4,140000.0,20000.0,0.0,"2021-10-16 03:44:25.392904",1
471,309,18,120000.0,30000.0,40000.0,"2021-09-03 04:44:25.392916",0
472,309,22,150000.0,30000.0,0.0,"2021-09-25 21:44:25.392926",0
473,311,0,150000.0,30000.0,0.0,"2022-01-04 03:44:25.392937",0
474,312,29,150000.0,20000.0,0.0,"2022-01-08 21:44:25.392948",0
475,312,30,150000.0,20000.0,0.0,"2021-11-22 22:44:25.392958",0
476,312,13,140000.0,20000.0,0.0,"2022-02-04 22:44:25.392968",1
477,313,6,140000.0,20000.0,50000.0,"2021-09-06 20:44:25.392979",1
478,314,9,150000.0,30000.0,0.0,"2022-01-16 15:44:25.392990",0
479,314,1,140000.0,20000.0,50000.0,"2021-12-08 22:44:25.393001",0
480,315,19,130000.0,30000.0,70000.0,"2021-10-14 23:44:25.393013",0
481,315,6,140000.0,20000.0,0.0,"2021-12-18 07:44:25.393023",0
482,315,10,150000.0,20000.0,0.0,"2022-02-01 15:44:25.393032",1
483,316,14,150000.0,30000.0,0.0,"2022-02-01 13:44:25.393043",0
484,316,8,150000.0,30000.0,0.0,"2021-09-19 12:44:25.393053",0
485,316,29,140000.0,30000.0,0.0,"2022-02-12 22:44:25.393063",1
486,317,0,140000.0,20000.0,0.0,"2021-10-12 00:44:25.393074",1
487,317,17,140000.0,20000.0,0.0,"2021-11-23 04:44:25.393084",1
488,318,7,160000.0,20000.0,0.0,"2021-08-26 02:44:25.393094",0
489,319,19,150000.0,30000.0,0.0,"2021-12-26 08:44:25.393105",0
490,320,30,140000.0,20000.0,0.0,"2021-09-17 06:44:25.393116",1
491,320,3,150000.0,20000.0,0.0,"2021-11-19 18:44:25.393126",0
492,320,21,140000.0,30000.0,0.0,"2021-09-17 14:44:25.393136",0
493,323,22,150000.0,20000.0,0.0,"2021-11-23 16:44:25.393148",0
494,323,31,150000.0,20000.0,0.0,"2021-12-09 16:44:25.393159",0
495,325,0,130000.0,30000.0,0.0,"2021-12-31 08:44:25.393171",1
496,325,11,130000.0,10000.0,0.0,"2021-09-29 18:44:25.393181",0
497,325,3,140000.0,20000.0,0.0,"2021-11-19 20:44:25.393191",0
498,326,10,140000.0,20000.0,0.0,"2021-10-07 23:44:25.393201",0
499,326,2,130000.0,10000.0,0.0,"2021-11-15 21:44:25.393211",0
500,326,30,130000.0,20000.0,0.0,"2021-12-27 11:44:25.393220",0
501,327,12,130000.0,20000.0,0.0,"2022-01-20 22:44:25.393231",1
502,327,15,140000.0,20000.0,70000.0,"2021-11-20 02:44:25.393242",0
503,328,14,140000.0,30000.0,0.0,"2021-10-09 03:44:25.393253",1
504,328,4,150000.0,30000.0,0.0,"2021-09-27 08:44:25.393263",0
505,328,19,140000.0,20000.0,70000.0,"2021-11-29 00:44:25.393273",1
506,329,5,140000.0,30000.0,0.0,"2021-10-07 03:44:25.393284",0
507,330,14,150000.0,30000.0,0.0,"2022-01-14 23:44:25.393294",1
508,330,11,150000.0,30000.0,40000.0,"2022-02-03 11:44:25.393305",1
509,332,18,150000.0,20000.0,0.0,"2022-02-19 22:44:25.393317",1
510,332,7,150000.0,30000.0,0.0,"2022-01-02 20:44:25.393327",0
511,332,21,160000.0,30000.0,0.0,"2022-01-20 21:44:25.393336",1
512,333,14,150000.0,20000.0,0.0,"2021-11-17 20:44:25.393347",1
513,334,21,140000.0,20000.0,0.0,"2021-12-08 18:44:25.393358",1
514,335,11,120000.0,30000.0,40000.0,"2022-02-18 12:44:25.393369",1
515,337,0,130000.0,20000.0,0.0,"2021-09-27 08:44:25.393381",0
516,338,10,160000.0,30000.0,0.0,"2021-11-21 11:44:25.393391",1
517,339,16,140000.0,30000.0,90000.0,"2022-02-06 02:44:25.393403",0
518,339,31,140000.0,30000.0,0.0,"2021-10-02 07:44:25.393413",0
519,339,3,130000.0,20000.0,30000.0,"2022-01-28 14:44:25.393424",0
520,341,3,150000.0,20000.0,0.0,"2022-01-28 22:44:25.393436",0
521,342,31,130000.0,20000.0,50000.0,"2022-01-21 18:44:25.393448",0
522,343,30,140000.0,30000.0,0.0,"2021-11-12 22:44:25.393459",1
523,344,4,140000.0,20000.0,0.0,"2021-09-18 03:44:25.393470",0
524,345,21,120000.0,30000.0,0.0,"2021-09-16 07:44:25.393481",1
525,345,17,120000.0,20000.0,40000.0,"2021-08-27 10:44:25.393491",0
526,345,31,130000.0,20000.0,0.0,"2021-09-20 17:44:25.393501",1
527,347,29,140000.0,20000.0,0.0,"2022-01-22 22:44:25.393513",1
528,347,18,130000.0,30000.0,80000.0,"2022-02-14 16:44:25.393524",0
529,348,22,130000.0,30000.0,0.0,"2021-11-09 05:44:25.393534",0
530,348,5,150000.0,20000.0,0.0,"2021-12-22 13:44:25.393545",0
531,348,16,150000.0,30000.0,0.0,"2021-10-22 01:44:25.393555",0
532,349,9,130000.0,30000.0,90000.0,"2021-10-08 08:44:25.393568",0
533,349,1,150000.0,30000.0,0.0,"2021-09-09 08:44:25.393577",0
534,349,4,130000.0,20000.0,0.0,"2021-12-01 13:44:25.393587",1
535,351,12,150000.0,30000.0,0.0,"2021-09-02 18:44:25.393599",1
536,351,17,150000.0,30000.0,0.0,"2021-12-17 05:44:25.393609",0
537,351,25,130000.0,30000.0,0.0,"2021-11-03 12:44:25.393619",1
538,352,7,150000.0,20000.0,40000.0,"2021-09-07 12:44:25.393631",1
539,352,23,150000.0,30000.0,0.0,"2021-11-20 16:44:25.393641",1
540,353,15,150000.0,30000.0,0.0,"2022-01-08 23:44:25.393652",0
541,353,23,140000.0,20000.0,0.0,"2021-09-16 09:44:25.393661",0
542,353,29,150000.0,30000.0,0.0,"2021-12-12 09:44:25.393671",1
543,354,6,140000.0,20000.0,80000.0,"2022-02-11 21:44:25.393682",0
544,354,24,150000.0,30000.0,40000.0,"2022-02-17 00:44:25.393693",0
545,355,23,140000.0,30000.0,0.0,"2021-12-29 22:44:25.393704",0
546,355,16,150000.0,30000.0,0.0,"2021-08-28 19:44:25.393714",1
547,355,8,160000.0,20000.0,0.0,"2021-11-14 14:44:25.393724",1
548,357,28,150000.0,20000.0,0.0,"2021-12-06 13:44:25.393735",0
549,358,21,130000.0,20000.0,0.0,"2021-08-28 23:44:25.393746",0
550,359,7,140000.0,30000.0,0.0,"2022-01-01 19:44:25.393757",0
551,359,16,160000.0,30000.0,0.0,"2021-12-08 22:44:25.393766",1
552,360,25,130000.0,20000.0,0.0,"2021-09-12 11:44:25.393777",1
553,364,28,130000.0,20000.0,70000.0,"2022-01-26 13:44:25.393791",0
554,365,18,150000.0,20000.0,0.0,"2021-10-30 10:44:25.393801",0
555,365,17,150000.0,30000.0,0.0,"2022-02-07 08:44:25.393811",1
556,367,7,120000.0,20000.0,0.0,"2021-09-24 03:44:25.393823",1
557,367,24,140000.0,30000.0,0.0,"2021-12-31 09:44:25.393833",1
558,368,17,140000.0,30000.0,0.0,"2021-09-25 08:44:25.393843",1
559,369,14,140000.0,30000.0,0.0,"2022-01-26 12:44:25.393855",0
560,369,8,140000.0,30000.0,60000.0,"2021-09-06 03:44:25.393867",0
561,370,8,140000.0,20000.0,0.0,"2021-10-16 07:44:25.393877",0
562,372,19,160000.0,20000.0,20000.0,"2022-01-16 11:44:25.393890",0
563,372,9,140000.0,40000.0,0.0,"2022-01-18 00:44:25.393900",0
564,373,16,150000.0,20000.0,0.0,"2021-11-11 01:44:25.393910",1
565,373,14,160000.0,20000.0,70000.0,"2021-10-27 18:44:25.393922",0
566,374,27,120000.0,30000.0,0.0,"2021-10-14 04:44:25.393932",0
567,374,24,150000.0,30000.0,0.0,"2021-10-01 04:44:25.393942",0
568,374,19,140000.0,20000.0,30000.0,"2021-10-09 11:44:25.393953",0
569,376,7,140000.0,30000.0,0.0,"2021-09-17 11:44:25.393964",0
570,376,13,140000.0,30000.0,0.0,"2022-01-24 22:44:25.393974",0
571,377,17,130000.0,30000.0,0.0,"2021-10-24 16:44:25.393985",1
572,377,2,120000.0,20000.0,0.0,"2021-12-17 13:44:25.393995",0
573,379,7,160000.0,20000.0,0.0,"2021-09-23 06:44:25.394006",1
574,380,9,140000.0,30000.0,0.0,"2022-02-20 14:44:25.394017",1
575,380,21,150000.0,20000.0,0.0,"2022-01-27 22:44:25.394027",1
576,381,13,130000.0,20000.0,0.0,"2021-09-15 11:44:25.394038",0
577,381,22,130000.0,20000.0,0.0,"2021-11-09 12:44:25.394048",0
578,381,10,150000.0,20000.0,0.0,"2021-11-05 16:44:25.394058",1
579,383,17,150000.0,30000.0,0.0,"2021-09-11 13:44:25.394069",1
580,383,19,130000.0,20000.0,0.0,"2021-09-03 07:44:25.394079",1
581,384,20,140000.0,20000.0,0.0,"2021-11-24 11:44:25.394090",0
582,384,20,150000.0,20000.0,0.0,"2021-09-15 13:44:25.394100",0
583,387,15,140000.0,20000.0,0.0,"2022-01-31 22:44:25.394113",1
584,388,3,150000.0,20000.0,0.0,"2022-01-04 03:44:25.394123",0
585,388,24,150000.0,20000.0,0.0,"2021-10-01 22:44:25.394133",1
586,388,26,150000.0,20000.0,0.0,"2021-10-12 08:44:25.394143",1
587,390,6,120000.0,30000.0,20000.0,"2021-09-08 12:44:25.394156",0
588,391,12,140000.0,30000.0,0.0,"2022-02-17 22:44:25.394166",0
589,391,23,130000.0,30000.0,90000.0,"2021-12-11 23:44:25.394177",0
590,395,16,150000.0,20000.0,0.0,"2021-11-09 19:44:25.394190",0
591,395,15,140000.0,30000.0,0.0,"2022-02-17 23:44:25.394200",0
592,396,24,150000.0,30000.0,0.0,"2022-01-23 16:44:25.394213",1
593,396,27,150000.0,20000.0,0.0,"2021-12-10 05:44:25.394223",1
594,396,2,140000.0,20000.0,0.0,"2021-12-15 12:44:25.394233",1
595,397,7,150000.0,20000.0,0.0,"2021-09-07 17:44:25.394244",1
596,397,31,140000.0,30000.0,0.0,"2022-01-01 05:44:25.394254",0
597,398,2,140000.0,20000.0,60000.0,"2022-01-26 04:44:25.394266",0
598,398,6,140000.0,30000.0,0.0,"2021-10-25 09:44:25.394275",0
599,398,29,130000.0,30000.0,0.0,"2021-12-14 02:44:25.394285",1
600,399,28,130000.0,20000.0,0.0,"2021-08-27 20:44:25.394296",0
601,399,0,150000.0,20000.0,60000.0,"2021-10-05 20:44:25.394306",0
602,399,22,160000.0,30000.0,0.0,"2022-02-10 05:44:25.394316",0
603,400,26,130000.0,30000.0,0.0,"2022-01-05 01:44:25.394327",1
604,400,20,140000.0,30000.0,0.0,"2021-12-03 13:44:25.394337",0
605,401,14,140000.0,30000.0,0.0,"2022-02-03 20:44:25.394347",0
606,401,19,150000.0,10000.0,0.0,"2021-08-24 20:44:25.394357",0
607,402,22,150000.0,30000.0,0.0,"2021-10-28 18:44:25.394368",0
608,402,24,130000.0,30000.0,40000.0,"2021-08-26 17:44:25.394378",1
609,403,9,130000.0,30000.0,0.0,"2021-12-07 08:44:25.394389",1
610,407,10,150000.0,30000.0,0.0,"2021-11-08 07:44:25.394402",1
611,407,12,140000.0,20000.0,0.0,"2021-09-21 18:44:25.394412",1
612,407,8,130000.0,30000.0,60000.0,"2021-10-01 12:44:25.394423",1
613,408,31,160000.0,30000.0,0.0,"2021-12-30 21:44:25.394434",0
614,408,10,150000.0,20000.0,0.0,"2021-12-18 22:44:25.394443",1
615,409,19,140000.0,20000.0,0.0,"2022-01-21 10:44:25.394454",1
616,410,10,160000.0,20000.0,0.0,"2021-11-30 04:44:25.394464",1
617,411,19,150000.0,30000.0,60000.0,"2021-12-26 04:44:25.394476",0
618,411,18,150000.0,30000.0,0.0,"2021-10-26 23:44:25.394485",1
619,412,8,150000.0,20000.0,0.0,"2021-11-17 22:44:25.394496",1
620,414,6,120000.0,20000.0,60000.0,"2022-01-06 10:44:25.394508",0
621,414,16,130000.0,30000.0,0.0,"2021-12-11 05:44:25.394518",0
622,415,23,130000.0,20000.0,0.0,"2021-11-07 10:44:25.394530",0
623,415,2,120000.0,30000.0,0.0,"2021-10-19 20:44:25.394539",1
624,416,2,140000.0,20000.0,0.0,"2021-12-27 00:44:25.394550",0
625,417,22,130000.0,30000.0,0.0,"2021-12-16 07:44:25.394561",1
626,417,7,150000.0,20000.0,0.0,"2021-09-19 22:44:25.394571",1
627,418,30,140000.0,20000.0,0.0,"2021-08-31 11:44:25.394581",1
628,418,12,140000.0,30000.0,0.0,"2021-09-18 20:44:25.394591",0
629,418,20,160000.0,20000.0,0.0,"2021-11-19 21:44:25.394601",1
630,419,29,140000.0,20000.0,0.0,"2021-10-01 03:44:25.394612",1
631,419,23,140000.0,30000.0,0.0,"2021-11-02 01:44:25.394622",1
632,419,0,150000.0,20000.0,0.0,"2021-09-02 17:44:25.394631",0
633,421,10,140000.0,30000.0,0.0,"2021-09-04 18:44:25.394643",0
634,421,15,160000.0,10000.0,0.0,"2021-11-07 08:44:25.394654",0
635,421,22,140000.0,30000.0,0.0,"2021-11-30 17:44:25.394664",0
636,422,13,150000.0,30000.0,0.0,"2021-09-02 07:44:25.394675",1
637,422,2,140000.0,20000.0,0.0,"2021-09-22 23:44:25.394684",0
638,425,22,130000.0,30000.0,0.0,"2021-12-28 16:44:25.394697",0
639,429,23,130000.0,20000.0,30000.0,"2022-01-29 10:44:25.394710",0
640,429,8,140000.0,20000.0,30000.0,"2021-09-07 05:44:25.394721",0
641,430,8,160000.0,20000.0,0.0,"2021-12-17 15:44:25.394732",1
642,430,21,140000.0,20000.0,0.0,"2022-02-02 14:44:25.394741",0
643,431,23,150000.0,20000.0,30000.0,"2022-01-12 16:44:25.394753",1
644,431,24,130000.0,40000.0,0.0,"2022-01-09 00:44:25.394765",1
645,431,11,120000.0,20000.0,0.0,"2021-12-20 18:44:25.394776",0
646,432,14,140000.0,20000.0,0.0,"2022-02-07 10:44:25.394786",0
647,432,22,150000.0,10000.0,0.0,"2022-02-09 07:44:25.394797",0
648,432,21,130000.0,30000.0,0.0,"2021-11-12 17:44:25.394806",0
649,434,2,150000.0,30000.0,0.0,"2021-10-14 17:44:25.394818",0
650,434,14,120000.0,20000.0,70000.0,"2021-09-17 17:44:25.394828",0
651,436,26,130000.0,20000.0,0.0,"2021-11-24 23:44:25.394840",1
652,437,18,150000.0,30000.0,0.0,"2022-01-13 00:44:25.394850",1
653,437,7,140000.0,30000.0,0.0,"2022-02-17 20:44:25.394862",1
654,437,26,150000.0,10000.0,0.0,"2022-02-14 10:44:25.394872",0
655,438,11,140000.0,20000.0,40000.0,"2022-01-28 09:44:25.394884",0
656,438,26,150000.0,30000.0,0.0,"2021-11-01 08:44:25.394894",1
657,439,11,140000.0,20000.0,0.0,"2022-01-15 16:44:25.394905",0
658,440,19,140000.0,20000.0,0.0,"2021-11-13 00:44:25.394915",0
659,440,8,120000.0,30000.0,0.0,"2021-11-07 00:44:25.394925",1
660,442,1,130000.0,20000.0,0.0,"2021-10-31 22:44:25.394936",0
661,443,23,150000.0,20000.0,0.0,"2021-10-18 10:44:25.394947",0
662,443,26,140000.0,30000.0,0.0,"2022-01-05 21:44:25.394957",0
663,443,16,140000.0,30000.0,0.0,"2022-02-18 22:44:25.394967",0
664,445,31,130000.0,20000.0,0.0,"2021-10-30 10:44:25.394978",0
665,447,6,140000.0,20000.0,0.0,"2021-08-29 20:44:25.394989",1
666,447,13,140000.0,20000.0,0.0,"2021-09-07 07:44:25.394999",1
667,448,7,150000.0,30000.0,0.0,"2021-08-31 05:44:25.395010",1
668,448,10,140000.0,30000.0,0.0,"2021-12-09 22:44:25.395020",1
669,448,7,160000.0,20000.0,0.0,"2021-09-23 22:44:25.395030",0
670,449,18,140000.0,30000.0,0.0,"2021-11-12 15:44:25.395040",0
671,449,12,120000.0,20000.0,0.0,"2022-01-25 18:44:25.395050",1
672,449,9,150000.0,30000.0,0.0,"2021-09-25 20:44:25.395060",0
673,450,20,160000.0,30000.0,0.0,"2021-10-18 19:44:25.395071",1
674,450,6,140000.0,40000.0,0.0,"2022-01-30 20:44:25.395081",1
675,450,25,140000.0,30000.0,0.0,"2021-11-17 21:44:25.395091",0
676,451,3,140000.0,30000.0,0.0,"2021-12-17 03:44:25.395102",1
677,452,14,140000.0,30000.0,50000.0,"2022-02-17 07:44:25.395113",0
678,452,10,150000.0,20000.0,50000.0,"2021-09-23 11:44:25.395124",1
679,452,1,140000.0,20000.0,0.0,"2021-10-26 13:44:25.395135",0
680,453,12,140000.0,30000.0,0.0,"2022-01-07 22:44:25.395145",1
681,453,28,150000.0,20000.0,70000.0,"2021-09-15 10:44:25.395156",0
682,456,15,130000.0,20000.0,0.0,"2021-08-26 16:44:25.395168",0
683,456,8,140000.0,30000.0,40000.0,"2021-12-12 15:44:25.395179",1
684,457,11,130000.0,30000.0,0.0,"2021-12-02 03:44:25.395189",0
685,457,3,130000.0,20000.0,0.0,"2022-01-11 14:44:25.395201",1
686,458,5,140000.0,20000.0,0.0,"2021-08-24 16:44:25.395212",0
687,458,28,140000.0,20000.0,0.0,"2021-11-29 05:44:25.395222",1
688,459,27,140000.0,30000.0,0.0,"2022-01-08 18:44:25.395233",0
689,459,18,130000.0,20000.0,0.0,"2021-09-23 13:44:25.395243",1
690,460,22,150000.0,20000.0,0.0,"2021-11-19 04:44:25.395253",1
691,460,4,140000.0,20000.0,0.0,"2021-10-30 10:44:25.395263",0
692,460,19,140000.0,20000.0,0.0,"2022-01-13 06:44:25.395273",0
693,462,5,140000.0,20000.0,0.0,"2021-11-28 17:44:25.395285",1
694,463,29,130000.0,30000.0,0.0,"2021-11-25 20:44:25.395296",1
695,463,11,150000.0,30000.0,0.0,"2021-08-31 21:44:25.395306",0
696,463,5,140000.0,20000.0,0.0,"2021-11-05 13:44:25.395315",0
697,464,29,130000.0,30000.0,0.0,"2022-02-03 23:44:25.395326",0
698,464,4,140000.0,40000.0,0.0,"2021-11-24 07:44:25.395336",0
699,466,27,140000.0,20000.0,0.0,"2021-12-09 18:44:25.395347",0
700,467,3,140000.0,20000.0,0.0,"2021-11-16 01:44:25.395358",1
701,468,23,130000.0,20000.0,0.0,"2022-02-17 18:44:25.395368",1
702,468,3,150000.0,40000.0,0.0,"2021-10-27 10:44:25.395378",0
703,469,24,160000.0,20000.0,0.0,"2021-09-30 22:44:25.395389",0
704,469,15,160000.0,30000.0,0.0,"2021-12-11 19:44:25.395398",1
705,470,18,130000.0,30000.0,0.0,"2021-09-02 08:44:25.395409",1
706,471,20,130000.0,30000.0,70000.0,"2021-09-14 06:44:25.395421",0
707,471,16,130000.0,20000.0,0.0,"2022-01-21 17:44:25.395431",1
708,471,24,150000.0,20000.0,0.0,"2021-10-30 19:44:25.395441",1
709,472,26,160000.0,30000.0,0.0,"2022-02-13 22:44:25.395451",0
710,473,22,140000.0,20000.0,0.0,"2021-11-02 15:44:25.395462",1
711,473,27,140000.0,20000.0,0.0,"2021-09-07 00:44:25.395472",0
712,474,0,130000.0,30000.0,0.0,"2021-11-10 12:44:25.395483",0
713,474,27,130000.0,30000.0,0.0,"2022-01-11 08:44:25.395492",1
714,476,3,150000.0,20000.0,0.0,"2022-01-29 18:44:25.395505",0
715,477,29,120000.0,20000.0,40000.0,"2021-09-18 22:44:25.395517",0
716,478,1,160000.0,20000.0,0.0,"2021-10-10 23:44:25.395528",1
717,479,4,120000.0,20000.0,0.0,"2022-02-17 00:44:25.395539",0
718,480,0,130000.0,20000.0,0.0,"2021-12-20 21:44:25.395550",1
719,481,18,150000.0,20000.0,0.0,"2021-09-28 02:44:25.395561",1
720,481,18,160000.0,20000.0,0.0,"2021-11-03 11:44:25.395570",1
721,481,19,130000.0,20000.0,70000.0,"2021-12-23 03:44:25.395581",0
722,482,18,140000.0,40000.0,0.0,"2021-09-23 00:44:25.395591",1
723,482,0,130000.0,30000.0,0.0,"2021-10-04 16:44:25.395601",1
724,483,11,120000.0,30000.0,0.0,"2021-10-13 07:44:25.395612",0
725,484,13,150000.0,20000.0,50000.0,"2022-02-02 15:44:25.395623",0
726,484,4,140000.0,20000.0,0.0,"2021-09-23 15:44:25.395633",0
727,485,7,130000.0,30000.0,0.0,"2021-12-05 02:44:25.395643",0
728,486,31,130000.0,20000.0,0.0,"2021-09-25 14:44:25.395654",1
729,487,15,140000.0,20000.0,0.0,"2021-12-13 04:44:25.395665",0
730,488,11,150000.0,30000.0,0.0,"2022-01-13 06:44:25.395675",0
731,488,4,130000.0,20000.0,0.0,"2022-02-16 14:44:25.395685",0
732,488,22,130000.0,20000.0,0.0,"2021-09-18 00:44:25.395695",0
733,489,16,130000.0,20000.0,0.0,"2021-12-07 21:44:25.395705",0
734,489,22,140000.0,30000.0,80000.0,"2021-09-08 23:44:25.395715",0
735,489,3,120000.0,20000.0,80000.0,"2021-09-01 23:44:25.395726",1
736,490,1,130000.0,20000.0,70000.0,"2021-10-03 19:44:25.395737",1
737,490,13,140000.0,30000.0,0.0,"2021-09-28 21:44:25.395747",1
738,491,16,150000.0,20000.0,0.0,"2021-10-23 05:44:25.395758",1
739,491,4,130000.0,20000.0,0.0,"2021-10-31 20:44:25.395768",0
740,491,2,150000.0,30000.0,0.0,"2021-09-07 14:44:25.395778",0
741,493,7,150000.0,20000.0,0.0,"2022-01-03 02:44:25.395790",1
742,495,30,150000.0,30000.0,50000.0,"2021-12-28 11:44:25.395802",1
743,495,24,130000.0,20000.0,0.0,"2021-10-08 23:44:25.395812",0
744,496,4,130000.0,20000.0,0.0,"2022-02-05 22:44:25.395823",1
745,496,13,130000.0,20000.0,80000.0,"2022-01-19 18:44:25.395833",0
746,498,3,150000.0,20000.0,0.0,"2022-02-01 10:44:25.395844",0
747,500,9,140000.0,20000.0,20000.0,"2021-12-25 19:44:25.395857",1
748,500,18,130000.0,20000.0,0.0,"2021-12-24 04:44:25.395868",1
749,500,13,150000.0,30000.0,0.0,"2021-11-19 20:44:25.395878",0
750,501,3,150000.0,30000.0,0.0,"2021-09-13 06:44:25.395888",0
751,502,5,140000.0,20000.0,0.0,"2022-01-27 17:44:25.395899",1
752,503,12,130000.0,30000.0,0.0,"2022-01-27 12:44:25.395910",0
753,504,28,150000.0,30000.0,0.0,"2021-09-05 09:44:25.395921",1
754,505,25,130000.0,20000.0,0.0,"2021-10-04 12:44:25.395932",1
755,506,20,130000.0,30000.0,0.0,"2021-11-27 02:44:25.395943",0
756,506,18,150000.0,20000.0,0.0,"2021-12-31 11:44:25.395953",1
757,506,6,140000.0,30000.0,0.0,"2022-02-01 19:44:25.395963",0
758,507,2,140000.0,20000.0,0.0,"2021-10-01 17:44:25.395973",1
759,507,22,140000.0,20000.0,0.0,"2021-11-04 07:44:25.395983",0
760,508,9,140000.0,20000.0,0.0,"2021-08-26 04:44:25.395994",0
761,508,0,150000.0,30000.0,0.0,"2021-12-16 06:44:25.396004",1
762,510,28,140000.0,40000.0,40000.0,"2021-12-31 21:44:25.396016",1
763,510,23,160000.0,20000.0,40000.0,"2022-02-20 21:44:25.396026",0
764,511,1,120000.0,20000.0,0.0,"2021-10-09 00:44:25.396037",1
765,511,5,140000.0,20000.0,20000.0,"2021-12-04 13:44:25.396048",1
766,511,25,150000.0,20000.0,0.0,"2021-11-29 18:44:25.396058",0
767,512,25,130000.0,30000.0,0.0,"2022-01-12 03:44:25.396068",1
768,513,9,140000.0,20000.0,0.0,"2021-10-11 00:44:25.396079",1
769,513,30,140000.0,30000.0,40000.0,"2021-11-21 08:44:25.396090",1
770,513,20,150000.0,20000.0,0.0,"2021-10-01 14:44:25.396100",0
771,514,26,140000.0,30000.0,0.0,"2021-12-25 05:44:25.396111",0
772,514,8,140000.0,30000.0,0.0,"2021-11-26 12:44:25.396120",1
773,514,24,140000.0,30000.0,0.0,"2021-09-16 15:44:25.396130",1
774,515,20,140000.0,20000.0,0.0,"2021-09-06 13:44:25.396141",1
775,516,8,140000.0,30000.0,0.0,"2021-11-21 04:44:25.396152",0
776,516,28,150000.0,30000.0,60000.0,"2021-09-21 14:44:25.396163",1
777,516,24,140000.0,20000.0,0.0,"2022-02-19 15:44:25.396173",0
778,517,1,140000.0,30000.0,60000.0,"2021-12-18 04:44:25.396184",0
779,517,1,150000.0,30000.0,0.0,"2021-12-19 09:44:25.396194",1
780,517,2,140000.0,30000.0,0.0,"2021-12-03 06:44:25.396205",1
781,518,31,130000.0,20000.0,0.0,"2021-12-29 19:44:25.396216",1
782,518,24,150000.0,20000.0,0.0,"2021-11-19 20:44:25.396225",0
783,518,21,140000.0,30000.0,0.0,"2021-12-18 23:44:25.396235",1
784,519,16,140000.0,20000.0,0.0,"2021-09-13 06:44:25.396246",0
785,519,16,150000.0,20000.0,0.0,"2021-10-08 05:44:25.396255",0
786,519,18,150000.0,20000.0,0.0,"2022-01-29 22:44:25.396266",0
787,520,9,130000.0,30000.0,0.0,"2021-09-21 20:44:25.396276",1
788,520,2,160000.0,30000.0,0.0,"2021-12-26 18:44:25.396286",0
789,522,8,120000.0,30000.0,0.0,"2021-11-26 05:44:25.396298",1
790,522,26,140000.0,20000.0,0.0,"2021-09-29 00:44:25.396307",0
791,522,6,140000.0,10000.0,0.0,"2021-11-23 06:44:25.396317",0
792,523,24,140000.0,40000.0,0.0,"2021-09-18 07:44:25.396328",0
793,523,21,150000.0,10000.0,0.0,"2021-11-03 02:44:25.396338",0
794,524,27,140000.0,20000.0,0.0,"2021-11-05 08:44:25.396350",1
795,526,26,150000.0,20000.0,0.0,"2021-12-14 17:44:25.396361",0
796,527,13,160000.0,30000.0,0.0,"2021-12-14 12:44:25.396372",0
797,528,27,140000.0,20000.0,0.0,"2021-12-17 14:44:25.396382",1
798,528,21,140000.0,30000.0,0.0,"2021-08-31 15:44:25.396393",0
799,529,9,150000.0,20000.0,0.0,"2021-11-11 21:44:25.396403",0
800,529,28,150000.0,40000.0,80000.0,"2021-08-28 23:44:25.396413",1
801,531,27,140000.0,30000.0,60000.0,"2021-11-17 16:44:25.396426",0
802,531,0,130000.0,20000.0,30000.0,"2021-12-14 10:44:25.396436",0
803,531,9,150000.0,30000.0,0.0,"2021-11-11 08:44:25.396446",0
804,532,26,150000.0,20000.0,0.0,"2021-11-21 00:44:25.396457",1
805,533,4,150000.0,30000.0,0.0,"2022-01-03 18:44:25.396467",0
806,533,15,150000.0,30000.0,0.0,"2021-12-20 15:44:25.396477",1
807,533,23,160000.0,20000.0,0.0,"2022-01-13 09:44:25.396487",0
808,534,31,140000.0,30000.0,0.0,"2021-09-02 21:44:25.396498",0
809,534,1,130000.0,30000.0,0.0,"2021-10-17 05:44:25.396508",0
810,534,4,140000.0,20000.0,0.0,"2021-11-17 07:44:25.396520",0
811,535,4,130000.0,30000.0,0.0,"2021-10-17 08:44:25.396531",0
812,535,22,130000.0,30000.0,0.0,"2021-09-18 00:44:25.396541",0
813,536,28,150000.0,10000.0,0.0,"2021-12-26 01:44:25.396551",1
814,536,10,140000.0,20000.0,0.0,"2021-11-27 12:44:25.396561",1
815,536,25,130000.0,30000.0,60000.0,"2021-11-03 09:44:25.396572",0
816,537,6,150000.0,30000.0,40000.0,"2021-11-11 21:44:25.396583",1
817,537,19,130000.0,20000.0,0.0,"2021-09-03 14:44:25.396593",1
818,538,19,150000.0,20000.0,0.0,"2022-01-30 05:44:25.396604",1
819,538,29,140000.0,20000.0,70000.0,"2021-09-10 07:44:25.396615",1
820,539,22,120000.0,20000.0,0.0,"2021-09-28 11:44:25.396626",0
821,539,7,150000.0,20000.0,0.0,"2021-11-26 13:44:25.396636",0
822,539,10,140000.0,30000.0,0.0,"2021-09-09 08:44:25.396645",0
823,540,7,140000.0,20000.0,0.0,"2022-02-10 01:44:25.396657",1
824,540,23,140000.0,20000.0,30000.0,"2021-09-16 04:44:25.396667",1
825,540,18,130000.0,30000.0,0.0,"2022-01-26 17:44:25.396677",0
826,541,2,140000.0,30000.0,0.0,"2021-09-23 21:44:25.396688",0
827,542,22,130000.0,30000.0,0.0,"2021-12-27 21:44:25.396698",0
828,542,4,150000.0,30000.0,0.0,"2021-09-09 12:44:25.396708",1
829,543,19,160000.0,30000.0,0.0,"2021-11-02 13:44:25.396719",0
830,544,10,110000.0,20000.0,0.0,"2021-09-14 04:44:25.396730",0
831,544,14,130000.0,20000.0,0.0,"2022-01-11 04:44:25.396739",1
832,545,5,150000.0,30000.0,0.0,"2022-02-04 06:44:25.396750",0
833,546,13,150000.0,40000.0,20000.0,"2022-02-12 10:44:25.396762",0
834,546,3,150000.0,20000.0,50000.0,"2021-08-30 17:44:25.396773",0
835,546,19,120000.0,20000.0,0.0,"2022-02-06 03:44:25.396782",1
836,548,29,130000.0,40000.0,0.0,"2022-02-09 04:44:25.396794",1
837,548,26,140000.0,20000.0,0.0,"2021-11-16 02:44:25.396804",1
838,548,7,130000.0,20000.0,60000.0,"2021-12-31 04:44:25.396815",0
839,549,11,130000.0,30000.0,0.0,"2021-11-30 23:44:25.396826",0
840,549,27,150000.0,30000.0,0.0,"2021-09-16 12:44:25.396835",0
841,549,2,130000.0,30000.0,0.0,"2021-09-16 16:44:25.396845",0
842,550,7,130000.0,20000.0,0.0,"2021-09-03 16:44:25.396857",0
843,550,8,130000.0,20000.0,30000.0,"2022-01-10 22:44:25.396867",0
844,550,2,130000.0,30000.0,50000.0,"2021-11-29 07:44:25.396878",1
845,551,25,140000.0,30000.0,0.0,"2021-09-30 00:44:25.396889",1
846,553,16,120000.0,30000.0,60000.0,"2022-02-19 14:44:25.396902",1
847,553,23,150000.0,20000.0,0.0,"2021-12-29 23:44:25.396912",0
848,554,21,150000.0,30000.0,0.0,"2021-12-02 09:44:25.396922",1
849,554,28,140000.0,30000.0,0.0,"2021-11-26 11:44:25.396932",0
850,554,16,140000.0,30000.0,0.0,"2021-12-03 22:44:25.396942",1
851,556,17,140000.0,30000.0,0.0,"2021-11-26 04:44:25.396953",0
852,556,14,140000.0,30000.0,0.0,"2021-09-27 00:44:25.396964",0
853,556,27,110000.0,20000.0,0.0,"2022-01-13 06:44:25.396973",0
854,558,28,150000.0,20000.0,0.0,"2021-12-23 01:44:25.396985",1
855,561,24,140000.0,20000.0,0.0,"2021-10-16 00:44:25.396997",1
856,562,15,140000.0,20000.0,50000.0,"2021-09-12 11:44:25.397009",1
857,563,22,140000.0,20000.0,0.0,"2021-12-16 05:44:25.397019",0
858,563,0,130000.0,20000.0,0.0,"2021-12-26 04:44:25.397029",0
859,564,23,160000.0,30000.0,0.0,"2021-10-30 02:44:25.397040",0
860,565,28,130000.0,20000.0,0.0,"2021-11-07 12:44:25.397051",0
861,565,15,140000.0,30000.0,0.0,"2021-08-26 22:44:25.397060",0
862,565,31,150000.0,30000.0,20000.0,"2022-01-01 23:44:25.397071",0
863,566,31,150000.0,30000.0,40000.0,"2021-10-02 13:44:25.397083",1
864,566,31,150000.0,30000.0,0.0,"2021-10-30 02:44:25.397092",0
865,566,31,140000.0,20000.0,0.0,"2021-12-27 06:44:25.397102",1
866,567,28,140000.0,20000.0,30000.0,"2021-09-24 13:44:25.397114",0
867,567,28,140000.0,30000.0,0.0,"2021-09-17 08:44:25.397123",1
868,567,9,140000.0,30000.0,0.0,"2022-01-03 22:44:25.397133",1
869,568,31,150000.0,30000.0,10000.0,"2022-02-16 15:44:25.397145",1
870,568,8,130000.0,30000.0,0.0,"2022-02-16 09:44:25.397155",0
871,569,3,150000.0,20000.0,0.0,"2021-12-25 17:44:25.397166",0
872,570,14,140000.0,20000.0,0.0,"2022-02-16 07:44:25.397176",1
873,570,8,130000.0,30000.0,0.0,"2021-10-12 17:44:25.397187",0
874,571,5,140000.0,30000.0,80000.0,"2021-10-30 21:44:25.397198",0
875,571,8,130000.0,10000.0,0.0,"2021-10-12 19:44:25.397208",1
876,571,6,130000.0,30000.0,0.0,"2022-01-13 10:44:25.397219",1
877,573,1,150000.0,20000.0,40000.0,"2022-01-17 19:44:25.397233",1
878,573,2,160000.0,20000.0,80000.0,"2021-10-22 12:44:25.397243",0
879,573,6,140000.0,30000.0,0.0,"2021-09-07 03:44:25.397253",0
880,575,17,130000.0,40000.0,0.0,"2021-09-13 18:44:25.397265",0
881,575,19,150000.0,30000.0,0.0,"2021-11-05 02:44:25.397274",0
882,581,20,140000.0,20000.0,60000.0,"2021-09-28 22:44:25.397291",1
883,582,3,140000.0,20000.0,40000.0,"2021-12-17 19:44:25.397303",1
884,582,28,140000.0,30000.0,0.0,"2021-12-02 22:44:25.397313",0
885,582,10,130000.0,20000.0,0.0,"2021-10-10 07:44:25.397323",1
886,583,16,140000.0,30000.0,0.0,"2021-12-07 11:44:25.397333",1
887,583,1,140000.0,30000.0,30000.0,"2022-01-25 22:44:25.397344",1
888,583,14,140000.0,30000.0,80000.0,"2021-10-02 16:44:25.397355",1
889,586,4,140000.0,20000.0,0.0,"2021-08-26 01:44:25.397367",0
890,586,30,120000.0,20000.0,80000.0,"2021-11-07 17:44:25.397378",1
891,588,25,150000.0,20000.0,0.0,"2021-11-27 13:44:25.397390",1
892,588,12,150000.0,20000.0,70000.0,"2021-08-27 20:44:25.397401",0
893,588,29,120000.0,20000.0,0.0,"2021-10-19 14:44:25.397411",0
894,589,29,140000.0,20000.0,0.0,"2021-09-14 02:44:25.397421",1
895,590,13,130000.0,20000.0,90000.0,"2021-12-13 14:44:25.397433",0
896,590,31,120000.0,30000.0,0.0,"2021-09-03 10:44:25.397443",0
897,592,5,140000.0,30000.0,0.0,"2022-02-08 05:44:25.397454",0
898,592,1,140000.0,10000.0,0.0,"2021-11-02 21:44:25.397464",1
899,593,22,150000.0,20000.0,40000.0,"2021-10-11 17:44:25.397475",1
900,593,27,130000.0,20000.0,0.0,"2021-12-28 21:44:25.397485",0
901,595,19,150000.0,20000.0,0.0,"2021-11-10 15:44:25.397496",0
902,597,7,140000.0,20000.0,0.0,"2021-12-11 23:44:25.397508",0
903,598,13,140000.0,20000.0,0.0,"2022-02-06 04:44:25.397518",1
904,601,9,130000.0,10000.0,0.0,"2021-10-28 08:44:25.397531",0
905,601,16,130000.0,20000.0,0.0,"2022-02-05 19:44:25.397541",0
906,601,23,130000.0,30000.0,0.0,"2022-01-07 00:44:25.397551",1
907,602,13,150000.0,20000.0,0.0,"2021-09-23 19:44:25.397562",1
908,602,23,140000.0,30000.0,0.0,"2021-11-21 22:44:25.397572",1
909,602,18,140000.0,30000.0,0.0,"2021-09-05 03:44:25.397581",1
910,603,15,140000.0,40000.0,0.0,"2021-10-11 03:44:25.397594",0
911,603,17,130000.0,30000.0,0.0,"2021-10-15 12:44:25.397605",1
912,604,9,150000.0,30000.0,0.0,"2021-09-10 10:44:25.397615",1
913,604,5,140000.0,20000.0,0.0,"2022-01-07 04:44:25.397625",0
914,604,7,140000.0,20000.0,0.0,"2021-10-22 21:44:25.397635",1
915,605,0,130000.0,20000.0,0.0,"2021-11-23 06:44:25.397645",0
916,605,8,140000.0,20000.0,0.0,"2021-10-01 21:44:25.397655",1
917,605,24,140000.0,30000.0,0.0,"2021-11-18 05:44:25.397665",1
918,606,28,150000.0,30000.0,0.0,"2021-12-16 11:44:25.397676",1
919,606,21,130000.0,20000.0,0.0,"2022-02-01 23:44:25.397686",1
920,606,13,130000.0,30000.0,70000.0,"2021-12-10 19:44:25.397697",1
921,607,18,150000.0,20000.0,0.0,"2021-09-16 13:44:25.397707",0
922,607,2,130000.0,20000.0,0.0,"2022-01-11 03:44:25.397717",1
923,608,1,150000.0,30000.0,0.0,"2022-01-02 00:44:25.397728",1
924,609,0,130000.0,20000.0,0.0,"2022-01-19 09:44:25.397739",1
925,611,29,130000.0,30000.0,70000.0,"2021-10-09 01:44:25.397751",1
926,611,23,130000.0,20000.0,0.0,"2022-01-19 06:44:25.397760",0
927,612,12,150000.0,30000.0,0.0,"2021-09-08 16:44:25.397771",1
928,612,26,130000.0,20000.0,0.0,"2021-10-03 18:44:25.397781",1
929,613,5,140000.0,20000.0,0.0,"2021-12-28 06:44:25.397792",1
930,614,0,140000.0,20000.0,0.0,"2021-08-24 14:44:25.397802",1
931,615,14,140000.0,30000.0,80000.0,"2021-11-26 11:44:25.397814",1
932,615,18,130000.0,20000.0,0.0,"2022-01-19 17:44:25.397824",0
933,616,13,150000.0,20000.0,0.0,"2022-01-30 04:44:25.397834",0
934,616,3,150000.0,20000.0,0.0,"2021-12-25 21:44:25.397844",1
935,616,9,140000.0,20000.0,0.0,"2021-12-29 20:44:25.397854",1
936,617,29,140000.0,20000.0,0.0,"2021-11-13 00:44:25.397865",0
937,619,4,140000.0,20000.0,40000.0,"2022-01-27 23:44:25.397877",0
938,619,7,140000.0,20000.0,40000.0,"2021-09-30 05:44:25.397888",0
939,620,21,130000.0,20000.0,0.0,"2022-01-15 04:44:25.397898",1
940,620,0,140000.0,20000.0,0.0,"2022-02-17 15:44:25.397908",1
941,622,30,140000.0,30000.0,0.0,"2022-02-06 12:44:25.397920",0
942,622,10,140000.0,30000.0,0.0,"2022-02-07 06:44:25.397930",0
943,623,1,150000.0,30000.0,0.0,"2021-11-04 17:44:25.397941",1
944,623,7,140000.0,20000.0,0.0,"2021-11-10 15:44:25.397951",1
945,623,5,140000.0,30000.0,40000.0,"2021-12-01 06:44:25.397961",1
946,626,8,150000.0,20000.0,0.0,"2022-02-03 23:44:25.397973",0
947,627,25,130000.0,30000.0,0.0,"2022-01-02 02:44:25.397984",1
948,629,13,140000.0,30000.0,0.0,"2021-12-25 01:44:25.397996",1
949,629,10,130000.0,20000.0,0.0,"2021-09-10 15:44:25.398006",1
950,629,0,130000.0,30000.0,30000.0,"2022-01-16 06:44:25.398017",1
951,630,6,140000.0,30000.0,0.0,"2021-08-24 03:44:25.398028",0
952,630,16,140000.0,30000.0,30000.0,"2021-11-14 15:44:25.398039",1
953,630,5,140000.0,30000.0,0.0,"2021-11-04 13:44:25.398048",0
954,631,15,150000.0,30000.0,70000.0,"2021-10-02 06:44:25.398060",0
955,632,27,130000.0,20000.0,0.0,"2021-12-27 17:44:25.398071",0
956,632,29,140000.0,40000.0,0.0,"2021-11-24 15:44:25.398081",0
957,633,5,130000.0,30000.0,0.0,"2021-10-24 20:44:25.398092",0
958,633,28,140000.0,20000.0,0.0,"2021-11-04 02:44:25.398101",0
959,634,21,130000.0,30000.0,0.0,"2021-09-25 09:44:25.398112",1
960,634,26,130000.0,20000.0,0.0,"2021-09-26 21:44:25.398121",0
961,634,17,130000.0,30000.0,0.0,"2021-09-26 06:44:25.398131",1
962,635,17,130000.0,20000.0,0.0,"2022-02-15 02:44:25.398142",0
963,635,14,140000.0,20000.0,70000.0,"2021-12-21 02:44:25.398152",0
964,636,8,130000.0,30000.0,50000.0,"2021-10-02 18:44:25.398164",0
965,636,22,160000.0,20000.0,0.0,"2021-10-09 07:44:25.398174",1
966,637,20,150000.0,30000.0,0.0,"2021-12-20 04:44:25.398184",1
967,638,26,140000.0,30000.0,0.0,"2021-12-29 06:44:25.398195",1
968,638,7,140000.0,20000.0,0.0,"2021-10-22 11:44:25.398205",0
969,638,22,140000.0,20000.0,0.0,"2021-11-06 08:44:25.398215",0
970,639,27,160000.0,20000.0,0.0,"2021-10-29 16:44:25.398225",0
971,639,20,130000.0,30000.0,70000.0,"2021-09-10 13:44:25.398235",0
972,640,13,150000.0,20000.0,0.0,"2022-01-01 14:44:25.398246",1
973,640,26,130000.0,30000.0,0.0,"2021-11-07 00:44:25.398257",0
974,640,4,140000.0,30000.0,80000.0,"2021-08-30 18:44:25.398267",0
975,642,6,140000.0,30000.0,0.0,"2022-01-16 21:44:25.398279",1
976,642,2,150000.0,30000.0,0.0,"2021-09-17 19:44:25.398289",1
977,643,28,140000.0,10000.0,0.0,"2021-10-12 17:44:25.398299",0
978,643,12,140000.0,30000.0,0.0,"2021-10-28 17:44:25.398309",0
979,643,8,140000.0,20000.0,0.0,"2021-12-09 22:44:25.398319",1
980,644,18,150000.0,30000.0,20000.0,"2021-12-02 05:44:25.398330",0
981,644,16,110000.0,30000.0,80000.0,"2021-12-30 17:44:25.398341",1
982,644,13,140000.0,20000.0,0.0,"2022-02-18 04:44:25.398351",1
983,645,10,140000.0,30000.0,0.0,"2021-11-02 10:44:25.398362",0
984,645,18,120000.0,30000.0,0.0,"2021-09-04 12:44:25.398372",0
985,647,0,110000.0,20000.0,0.0,"2021-10-11 19:44:25.398384",0
986,648,14,150000.0,20000.0,0.0,"2021-11-27 07:44:25.398394",0
987,648,23,130000.0,30000.0,0.0,"2021-11-27 14:44:25.398404",0
988,649,4,140000.0,30000.0,0.0,"2021-11-29 16:44:25.398415",0
989,650,10,130000.0,20000.0,0.0,"2022-02-09 18:44:25.398425",0
990,650,28,130000.0,30000.0,0.0,"2021-11-16 18:44:25.398435",0
991,650,17,140000.0,30000.0,0.0,"2021-10-16 02:44:25.398444",1
992,651,28,120000.0,30000.0,0.0,"2022-01-11 18:44:25.398455",1
993,654,3,150000.0,30000.0,0.0,"2022-01-27 08:44:25.398467",1
994,655,12,140000.0,20000.0,0.0,"2021-12-14 11:44:25.398479",0
995,655,16,130000.0,30000.0,0.0,"2022-01-12 22:44:25.398489",0
996,655,17,140000.0,30000.0,0.0,"2022-01-30 17:44:25.398498",0
997,656,13,140000.0,30000.0,0.0,"2022-01-08 10:44:25.398509",0
998,656,21,140000.0,30000.0,20000.0,"2021-11-17 18:44:25.398519",1
999,657,13,130000.0,20000.0,50000.0,"2022-01-17 02:44:25.398531",1
1000,657,10,150000.0,20000.0,0.0,"2021-09-13 07:44:25.398541",1
1001,658,1,110000.0,20000.0,40000.0,"2022-01-07 08:44:25.398552",0
1002,658,27,140000.0,10000.0,0.0,"2021-11-19 22:44:25.398562",0
1003,659,20,150000.0,30000.0,10000.0,"2021-12-13 21:44:25.398573",1
1004,659,11,150000.0,20000.0,0.0,"2021-09-24 22:44:25.398583",0
1005,661,24,130000.0,30000.0,0.0,"2022-01-14 08:44:25.398595",1
1006,661,24,150000.0,40000.0,0.0,"2021-11-29 19:44:25.398605",1
1007,661,24,140000.0,30000.0,-20000.0,"2022-01-08 07:44:25.398616",0
1008,664,27,120000.0,20000.0,0.0,"2021-09-13 11:44:25.398629",0
1009,664,10,130000.0,20000.0,0.0,"2021-12-18 09:44:25.398638",1
1010,666,12,140000.0,20000.0,0.0,"2021-12-26 05:44:25.398650",0
1011,666,23,160000.0,20000.0,30000.0,"2021-11-05 13:44:25.398660",1
1012,666,30,130000.0,30000.0,0.0,"2021-10-27 21:44:25.398670",0
1013,667,30,130000.0,20000.0,90000.0,"2021-12-04 17:44:25.398682",0
1014,667,9,120000.0,20000.0,0.0,"2021-09-20 22:44:25.398692",1
1015,667,2,140000.0,30000.0,0.0,"2021-11-14 00:44:25.398701",1
1016,668,26,150000.0,20000.0,0.0,"2021-10-24 11:44:25.398712",0
1017,668,14,130000.0,20000.0,0.0,"2021-12-01 08:44:25.398722",0
1018,670,13,150000.0,20000.0,0.0,"2021-09-06 08:44:25.398734",1
1019,670,8,140000.0,20000.0,0.0,"2022-02-09 18:44:25.398744",0
1020,673,21,130000.0,30000.0,0.0,"2021-12-09 18:44:25.398756",1
1021,673,16,140000.0,20000.0,0.0,"2022-01-07 12:44:25.398766",1
1022,675,14,140000.0,30000.0,0.0,"2021-09-21 18:44:25.398778",1
1023,675,1,140000.0,20000.0,0.0,"2022-01-12 10:44:25.398788",1
1024,675,9,130000.0,30000.0,0.0,"2022-01-21 02:44:25.398798",1
1025,677,2,140000.0,30000.0,0.0,"2021-10-20 12:44:25.398810",0
1026,679,14,150000.0,30000.0,50000.0,"2021-12-16 13:44:25.398822",1
1027,679,20,120000.0,30000.0,0.0,"2021-11-06 18:44:25.398832",0
1028,679,11,140000.0,30000.0,0.0,"2022-02-04 18:44:25.398842",0
1029,682,5,150000.0,30000.0,0.0,"2021-10-17 17:44:25.398855",1
1030,682,15,130000.0,30000.0,0.0,"2021-09-03 14:44:25.398864",0
1031,682,18,120000.0,20000.0,0.0,"2021-12-28 03:44:25.398874",0
1032,683,30,140000.0,30000.0,0.0,"2022-01-28 19:44:25.398885",1
1033,684,21,160000.0,30000.0,30000.0,"2021-09-26 20:44:25.398897",1
1034,684,29,140000.0,30000.0,0.0,"2021-09-15 12:44:25.398907",0
1035,684,20,130000.0,30000.0,70000.0,"2021-10-02 06:44:25.398918",1
1036,685,24,130000.0,30000.0,90000.0,"2021-09-10 15:44:25.398929",0
1037,686,8,150000.0,30000.0,0.0,"2021-12-27 03:44:25.398941",0
1038,686,11,140000.0,20000.0,40000.0,"2022-01-26 09:44:25.398952",1
1039,686,2,150000.0,30000.0,0.0,"2022-01-10 06:44:25.398962",1
1040,688,16,150000.0,20000.0,0.0,"2021-09-10 10:44:25.398974",1
1041,689,2,150000.0,30000.0,0.0,"2021-10-23 11:44:25.398984",1
1042,689,26,120000.0,30000.0,0.0,"2021-09-16 15:44:25.398995",0
1043,690,2,140000.0,20000.0,0.0,"2021-12-19 16:44:25.399006",1
1044,690,10,130000.0,20000.0,30000.0,"2021-11-25 10:44:25.399018",0
1045,690,18,140000.0,40000.0,40000.0,"2021-11-11 12:44:25.399029",0
1046,691,28,160000.0,30000.0,0.0,"2021-09-28 14:44:25.399040",0
1047,691,28,150000.0,20000.0,0.0,"2021-09-02 16:44:25.399050",1
1048,692,20,140000.0,20000.0,0.0,"2021-12-15 18:44:25.399061",1
1049,692,18,140000.0,30000.0,0.0,"2022-02-18 12:44:25.399071",1
1050,692,17,140000.0,20000.0,0.0,"2021-10-03 12:44:25.399081",0
1051,693,7,150000.0,20000.0,20000.0,"2022-02-11 17:44:25.399092",0
1052,694,20,160000.0,20000.0,0.0,"2021-10-14 01:44:25.399103",1
1053,694,20,130000.0,20000.0,50000.0,"2021-09-16 09:44:25.399114",0
1054,694,31,150000.0,30000.0,0.0,"2022-01-12 16:44:25.399123",1
1055,695,4,150000.0,30000.0,0.0,"2021-12-03 04:44:25.399134",1
1056,695,17,150000.0,40000.0,0.0,"2021-11-12 08:44:25.399144",0
1057,695,2,150000.0,30000.0,0.0,"2021-09-18 09:44:25.399154",0
1058,696,5,140000.0,20000.0,0.0,"2021-10-21 19:44:25.399165",0
1059,696,8,130000.0,20000.0,40000.0,"2022-01-13 23:44:25.399175",0
1060,696,22,150000.0,20000.0,70000.0,"2021-11-16 16:44:25.399186",0
1061,697,20,160000.0,30000.0,0.0,"2021-09-30 15:44:25.399197",0
1062,697,22,140000.0,40000.0,50000.0,"2021-11-09 15:44:25.399207",0
1063,697,31,150000.0,20000.0,0.0,"2021-08-31 15:44:25.399217",1
1064,698,26,160000.0,20000.0,0.0,"2021-10-13 03:44:25.399228",0
1065,698,7,140000.0,30000.0,0.0,"2021-11-09 09:44:25.399237",0
1066,699,10,140000.0,20000.0,0.0,"2022-01-05 21:44:25.399249",0
1067,700,3,170000.0,30000.0,0.0,"2021-09-19 05:44:25.399260",0
1068,700,8,140000.0,30000.0,30000.0,"2021-11-23 14:44:25.399270",1
1069,700,31,130000.0,20000.0,0.0,"2021-11-08 00:44:25.399280",0
1070,701,15,150000.0,20000.0,0.0,"2021-10-27 10:44:25.399291",0
1071,701,2,130000.0,20000.0,0.0,"2022-02-17 05:44:25.399300",0
1072,704,12,150000.0,20000.0,0.0,"2021-12-04 12:44:25.399313",0
1073,704,1,140000.0,20000.0,0.0,"2021-11-08 12:44:25.399323",1
1074,704,30,130000.0,30000.0,0.0,"2022-01-20 18:44:25.399333",1
1075,705,23,130000.0,20000.0,0.0,"2021-12-01 13:44:25.399345",0
1076,706,14,140000.0,30000.0,0.0,"2022-01-04 21:44:25.399356",1
1077,706,14,130000.0,20000.0,0.0,"2022-01-18 04:44:25.399365",1
1078,707,31,140000.0,20000.0,0.0,"2022-01-15 11:44:25.399376",0
1079,707,21,140000.0,30000.0,0.0,"2021-12-27 23:44:25.399386",1
1080,708,31,130000.0,30000.0,0.0,"2022-01-21 22:44:25.399396",0
1081,708,8,150000.0,30000.0,60000.0,"2021-09-09 15:44:25.399407",0
1082,708,23,140000.0,30000.0,80000.0,"2022-01-16 18:44:25.399418",1
1083,709,29,120000.0,20000.0,0.0,"2021-12-07 00:44:25.399429",0
1084,709,14,150000.0,30000.0,60000.0,"2021-11-12 02:44:25.399439",1
1085,709,6,140000.0,20000.0,0.0,"2021-10-18 21:44:25.399449",1
1086,710,2,120000.0,20000.0,0.0,"2021-09-30 19:44:25.399459",1
1087,710,20,110000.0,20000.0,0.0,"2022-02-08 06:44:25.399469",1
1088,710,0,140000.0,20000.0,0.0,"2022-01-25 16:44:25.399479",0
1089,711,28,140000.0,30000.0,0.0,"2022-01-21 23:44:25.399490",1
1090,712,29,140000.0,20000.0,50000.0,"2021-11-12 10:44:25.399501",0
1091,712,22,150000.0,20000.0,0.0,"2021-10-01 04:44:25.399511",1
1092,712,20,140000.0,30000.0,0.0,"2021-12-29 15:44:25.399521",0
1093,713,25,140000.0,20000.0,0.0,"2021-12-06 06:44:25.399531",0
1094,713,5,140000.0,30000.0,0.0,"2021-11-16 06:44:25.399541",1
1095,713,20,140000.0,40000.0,0.0,"2021-11-11 22:44:25.399551",1
1096,714,24,140000.0,30000.0,0.0,"2022-01-18 06:44:25.399562",1
1097,714,6,130000.0,30000.0,80000.0,"2022-02-03 04:44:25.399572",0
1098,716,4,120000.0,30000.0,0.0,"2021-12-05 12:44:25.399584",1
1099,716,24,140000.0,30000.0,0.0,"2022-02-13 17:44:25.399593",1
1100,716,11,150000.0,20000.0,0.0,"2021-09-10 23:44:25.399603",0
1101,717,23,130000.0,30000.0,0.0,"2021-09-10 05:44:25.399614",0
1102,717,16,150000.0,30000.0,0.0,"2021-09-30 10:44:25.399624",0
1103,718,8,110000.0,30000.0,0.0,"2022-02-13 16:44:25.399635",1
1104,718,29,150000.0,20000.0,0.0,"2021-11-20 06:44:25.399645",1
1105,719,25,140000.0,20000.0,50000.0,"2021-09-10 00:44:25.399656",1
1106,719,30,110000.0,20000.0,0.0,"2022-02-12 22:44:25.399666",1
1107,719,17,140000.0,20000.0,0.0,"2022-01-19 19:44:25.399677",1
1108,721,26,130000.0,20000.0,80000.0,"2021-11-02 14:44:25.399689",1
1109,721,23,140000.0,20000.0,0.0,"2021-08-30 08:44:25.399699",1
1110,722,14,150000.0,30000.0,40000.0,"2021-11-22 19:44:25.399711",0
1111,724,2,170000.0,30000.0,0.0,"2022-01-04 05:44:25.399722",0
1112,724,8,140000.0,30000.0,0.0,"2021-09-02 07:44:25.399732",1
1113,725,7,150000.0,30000.0,70000.0,"2021-09-14 19:44:25.399743",1
1114,725,26,140000.0,40000.0,0.0,"2021-11-24 06:44:25.399754",0
1115,725,16,140000.0,30000.0,0.0,"2021-09-24 15:44:25.399763",0
1116,726,28,140000.0,20000.0,0.0,"2021-08-25 16:44:25.399774",0
1117,726,21,150000.0,20000.0,0.0,"2021-10-26 07:44:25.399784",0
1118,727,1,140000.0,30000.0,0.0,"2021-12-15 18:44:25.399795",0
1119,727,0,140000.0,30000.0,40000.0,"2021-08-26 09:44:25.399806",1
1120,727,20,140000.0,20000.0,0.0,"2021-09-11 14:44:25.399815",0
1121,728,6,160000.0,30000.0,0.0,"2021-09-18 23:44:25.399826",1
1122,728,7,130000.0,20000.0,0.0,"2021-11-05 05:44:25.399836",0
1123,729,14,160000.0,20000.0,0.0,"2021-10-11 04:44:25.399846",0
1124,729,8,160000.0,40000.0,0.0,"2021-09-13 10:44:25.399856",0
1125,729,30,130000.0,30000.0,90000.0,"2021-10-06 12:44:25.399866",0
1126,730,11,150000.0,20000.0,0.0,"2021-10-05 06:44:25.399877",1
1127,730,5,160000.0,30000.0,0.0,"2021-11-20 02:44:25.399887",0
1128,730,4,120000.0,30000.0,0.0,"2021-10-23 03:44:25.399897",1
1129,731,30,140000.0,20000.0,0.0,"2021-11-13 21:44:25.399908",1
1130,731,21,120000.0,30000.0,0.0,"2022-01-21 08:44:25.399918",0
1131,732,26,130000.0,20000.0,0.0,"2022-02-16 03:44:25.399928",1
1132,732,25,150000.0,30000.0,0.0,"2021-11-26 22:44:25.399938",0
1133,732,23,150000.0,30000.0,0.0,"2021-10-10 18:44:25.399948",1
1134,734,20,130000.0,30000.0,0.0,"2021-09-09 12:44:25.399959",1
1135,734,13,130000.0,20000.0,0.0,"2022-02-05 17:44:25.399969",1
1136,734,8,140000.0,20000.0,70000.0,"2021-09-12 10:44:25.399981",0
1137,735,31,130000.0,30000.0,0.0,"2021-11-24 13:44:25.399992",1
1138,735,11,140000.0,30000.0,0.0,"2022-01-02 05:44:25.400004",1
1139,735,17,150000.0,30000.0,0.0,"2021-12-13 22:44:25.400014",1
1140,736,26,130000.0,30000.0,0.0,"2022-02-05 14:44:25.400025",1
1141,736,2,150000.0,30000.0,0.0,"2021-09-22 04:44:25.400034",1
1142,736,15,140000.0,30000.0,0.0,"2021-08-29 22:44:25.400044",1
1143,737,9,140000.0,30000.0,0.0,"2021-09-09 12:44:25.400055",1
1144,737,26,150000.0,30000.0,70000.0,"2021-11-03 09:44:25.400065",1
1145,742,11,120000.0,30000.0,0.0,"2021-12-29 11:44:25.400079",0
1146,742,13,140000.0,20000.0,0.0,"2021-11-06 11:44:25.400090",0
1147,743,16,160000.0,30000.0,0.0,"2021-09-03 01:44:25.400101",1
1148,744,26,130000.0,30000.0,0.0,"2021-09-16 22:44:25.400112",1
1149,745,12,140000.0,30000.0,0.0,"2021-09-02 13:44:25.400123",0
1150,745,30,130000.0,30000.0,0.0,"2022-01-23 15:44:25.400132",0
1151,745,20,150000.0,20000.0,0.0,"2021-12-30 11:44:25.400142",1
1152,747,2,130000.0,20000.0,60000.0,"2021-08-29 12:44:25.400159",1
1153,747,5,140000.0,20000.0,40000.0,"2021-12-01 01:44:25.400170",1
1154,747,16,140000.0,20000.0,0.0,"2021-08-27 22:44:25.400180",1
1155,749,22,140000.0,30000.0,0.0,"2021-10-11 16:44:25.400191",1
1156,749,28,140000.0,20000.0,0.0,"2021-11-20 11:44:25.400201",0
